sequence_id	M300554.lib1	M300555.lib1	M300556.lib1	M300557.lib1	M300558.lib1	M300559.lib1	M300560.lib1	M300561.lib1	M300562.lib1	M300563.lib1	M300564.lib1	M300565.lib1	M300566.lib1	M300567.lib1	M300568.lib1	M300569.lib1	M300570.lib1	M300571.lib1	M300572.lib1	M300573.lib1	M300574.lib1	M300575.lib1	M300576.lib1	M300577.lib1	M300578.lib1	M300579.lib1	M300580.lib1	M300581.lib1	M300582.lib1	M300583.lib1	M300584.lib1	M300585.lib1	M300586.lib1	M300587.lib1	M300588.lib1	M300589.lib1	M300590.lib1	M300591.lib1	M300592.lib1	M300593.lib1	M300594.lib1	M300595.lib1	M300596.lib1	M300597.lib1	M300598.lib1	M300599.lib1	M300600.lib1	M300601.lib1	M300602.lib1	M300603.lib1	M300604.lib1	M300605.lib1	M300606.lib1	M300607.lib1	M300608.lib1	M300609.lib1	M300610.lib1	M300611.lib1	M300612.lib1	M300613.lib1	M300614.lib1	M300615.lib1	M300616.lib1	M300617.lib1	M300618.lib1	M300619.lib1	M300620.lib1	M300621.lib1	M300622.lib1	M300623.lib1	M300624.lib1	M300625.lib1	M300626.lib1	M300627.lib1	M300628.lib1	M300629.lib1	M300630.lib1	M300631.lib1	M300632.lib1	M300633.lib1	M300634.lib1	M300635.lib1	M300636.lib1	M300637.lib1	M300638.lib1	M300639.lib1	M300640.lib1	M300641.lib1	M300642.lib1	M300643.lib1	M300644.lib1	M300645.lib1	M300646.lib1	M300647.lib1	M300648.lib1	M300649.lib1
D300418:bin_000013	240	0	6	136	0	319	291	204	181	266	8	0	127	201	0	203	223	220	29	0	258	0	348	269	578	0	285	194	73	222	310	0	0	0	815	228	111	0	258	208	384	343	229	310	256	300	0	0	0	0	0	0	0	0	0	0	0	0	0	0	0	0	0	0	0	0	0	0	0	0	0	0	0	0	0	0	0	0	0	0	0	0	0	0	0	0	0	0	0	0	0	0	0	0	0	0
D300429:bin_000001	6411	26	147	8035	0	5824	5905	7208	5616	6973	335	0	4203	5761	0	5534	6208	5928	1591	2	5543	2	6434	6209	7377	30	7107	4272	1110	5543	6793	0	0	0	13089	6735	6453	13	6721	5772	5704	6093	5766	9658	6895	7007	0	0	17	0	0	0	89	0	0	2	0	0	2	0	0	0	0	56	0	0	0	0	2	0	0	0	0	0	0	2	0	0	4	1	1	0	1	0	0	2	0	0	0	0	0	0	0	5	0	0
D300432:bin_000001	1860	30	69	1618	0	1648	1535	2010	1772	1879	64	0	1411	1932	0	1597	1904	1729	516	0	1628	0	1548	1914	1655	8	1686	1522	439	1650	1968	0	0	0	3683	2034	1819	3	1866	1754	1969	2024	2205	2079	2289	1770	0	0	0	0	0	0	26	0	6	0	0	0	0	0	0	0	0	6	0	0	0	0	9	0	0	0	0	0	0	0	0	8	0	1	1	0	0	0	0	8	0	0	0	0	12	0	0	4	0	0
D300440:bin_000012	35663	449	824	14697	8	22854	21738	21146	24443	24782	1567	0	22466	15890	0	16100	23488	23165	5528	0	21959	0	18002	22101	31481	78	20828	18984	4173	21725	23226	0	0	0	37551	36407	20062	0	24066	20674	22785	35586	28795	30308	28502	27951	0	0	0	6	0	0	282	0	0	9	0	0	0	0	0	0	0	100	0	0	0	0	8	0	0	0	0	0	0	0	20	0	18	36	0	0	0	0	2	94	2	0	0	0	112	0	0	0	0	6
D300442:bin_000001	0	0	0	0	0	0	0	0	0	0	0	0	0	0	0	0	0	0	0	0	0	0	0	0	0	0	0	1	0	0	0	0	0	0	0	2	0	0	0	3	0	0	0	0	0	0	0	0	0	0	0	0	0	0	0	0	0	0	0	0	0	0	0	0	0	0	0	0	0	0	0	0	0	0	0	0	0	0	0	0	0	0	0	0	0	0	0	0	0	0	0	0	0	0	0	0
D300443:bin_000002	3662	5	23	1605	0	1663	1037	1312	3248	2750	175	0	1458	1135	0	1036	1172	1427	3106	0	1476	0	753	2920	1838	4	3436	914	231	1419	1162	0	0	0	2813	5382	1339	0	2387	1579	1181	1466	1415	1680	1479	1007	0	0	89	51	0	26	26	0	25	45	61	0	36	4	0	0	14	30	0	159	0	0	94	20	0	0	0	38	20	63	3	41	0	67	87	0	114	0	91	41	5	0	0	0	45	82	0	34	38	0
D300444:bin_000010	249971	542	431	123686	0	183839	175208	188692	180668	218027	7509	0	128787	160495	0	124743	234300	187021	46764	8	127437	6	184030	181442	170400	36	192588	134029	46519	156222	190435	0	0	0	356665	345380	149313	277	194809	153244	204478	282921	204656	284185	230941	220495	0	0	0	0	0	0	2032	0	0	0	12	0	0	0	0	2	0	296	0	0	0	9	220	0	0	0	0	0	0	4	0	26	66	0	1	0	0	0	2	52	4	0	0	0	4	0	0	0	0	0
D300459:bin_000001	183	0	0	140	28	144	176	102	146	116	16	0	79	120	0	105	92	173	41	127	67	0	230	100	147	24	83	96	46	94	104	0	0	0	217	111	116	0	155	107	150	113	113	185	88	140	0	0	0	0	0	8	5	0	0	4	0	0	0	0	0	0	0	4	0	0	0	0	0	0	0	0	0	0	0	0	0	0	0	0	0	0	0	0	16	2	0	0	0	0	44	0	0	0	0	0
D300463:bin_000012	41496	761	728	17814	14	27478	27807	24049	26554	28891	1469	0	23647	21194	0	18959	24862	27428	6617	6	22808	0	22612	24383	39243	131	25625	19162	5491	24344	30026	0	0	0	49129	37296	22123	15	26891	23882	31949	37121	33135	34545	32550	33554	0	0	0	0	0	0	289	0	0	0	0	0	0	0	0	0	0	78	0	0	0	0	4	0	0	0	0	0	0	0	34	30	12	1	0	0	0	0	0	62	0	0	0	0	3	0	0	0	0	0
D300464:bin_000017	1358618	11628	24132	1264840	7	1187660	959686	1189572	1179618	1231568	72305	13	886697	996530	0	998959	1226681	1287776	302194	119	936733	31	961776	1030633	1365213	2000	1361328	1153955	271690	1119023	1039624	56	24	0	2690200	1342803	986323	613	1214888	1079598	1383809	1157660	1350486	1549518	1238562	1215042	0	24	40	0	6	0	13681	2	0	1	2	0	0	10	0	9	3	10135	10	0	0	12	1403	14	0	48	0	1	10	2	2	6	182	6	32	0	22	0	0	105	0	2	15	0	16	1	0	0	1	64
D300472:bin_000003	5044	22	168	6262	2	4257	5408	5445	4262	5210	243	0	2937	4299	0	4740	5175	4326	1250	2	4062	1	4803	5045	4691	30	5082	3165	783	3919	4903	0	0	0	9422	4609	5286	0	5431	4504	4460	4317	4400	7433	4934	4691	0	0	0	0	0	0	60	0	0	0	0	0	0	0	0	0	0	20	0	0	0	0	0	0	0	0	0	0	0	0	0	0	16	0	0	0	0	0	0	0	0	0	0	0	0	0	0	0	0	0
D300474:bin_000002	661	18	39	744	4	558	539	641	710	711	20	0	457	523	0	644	648	597	178	0	531	0	655	675	614	8	592	564	111	600	560	0	0	0	1134	634	661	0	672	640	660	596	687	958	560	610	0	0	0	0	0	0	26	0	0	0	0	0	0	0	0	0	0	0	0	0	0	0	0	0	0	0	0	0	0	0	0	0	0	0	0	0	0	0	0	0	0	0	0	0	0	0	0	0	0	0
D300474:bin_000012	19107	230	416	9214	0	13847	34798	13276	14801	15416	745	0	11465	12598	0	10259	15110	15100	3759	1	12017	18	11987	15212	18033	170	13224	11629	3358	13345	13991	0	0	0	27465	16679	13142	28	13780	13792	15812	17822	15637	16683	15265	15288	0	0	25	0	0	0	135	0	0	28	38	0	0	0	0	0	0	92	0	14	0	0	2	0	0	0	0	0	0	0	2	4	72	0	0	0	0	0	0	11	0	0	0	0	12	0	0	0	0	0
D300479:bin_000001	98136	412	2091	43932	47	128145	103446	160564	180045	158134	4628	17	78986	124225	4	107942	95504	156224	38259	14	103500	4	126157	128678	155705	50	90559	98103	27926	147297	109030	65	2	0	260224	170395	118137	32	145658	171915	182132	128623	200914	173388	180217	122748	2	39	1816231	65829	50	55112	3894	10	228262	1378609	906327	16343	1372846	8457	14	13	106707	220623	17	230566	69	172	141433	253612	10569	758	2	161926	384191	126896	63505	305911	59	414009	811709	32	193122	3366	339160	1752728	110380	134	1093	14	1726478	259111	26	2897228	1335785	1321
D300479:bin_000012	386068	565	12191	316086	2	281557	217435	355523	286697	290569	11288	1	207751	321196	0	254293	309577	244205	56893	32	199123	10	239000	197863	357828	4557	279050	260991	81318	280866	231350	0	0	0	615909	320117	278431	693	240252	272024	392136	331244	346879	340794	256736	304445	0	1	1	0	2	0	2409	0	4	0	40	0	6	0	0	4	0	2927	0	0	0	5	68	6	0	0	0	0	0	0	0	0	0	14	4	2	2	0	0	0	2	0	6	0	0	0	0	31	0	2
D300482:bin_000009	64793	791	1467	21981	4	39100	41009	37171	44845	43949	2577	0	37807	29907	0	29031	45291	46387	9567	9	40216	2	33370	41139	53320	223	36260	36110	8216	38628	41760	10	0	0	65187	60831	38036	32	42366	39716	40736	59118	47543	49003	49029	46603	0	0	0	16	0	0	543	0	0	67	0	0	0	0	0	0	0	158	0	0	0	1	50	0	0	0	0	0	0	0	36	62	0	44	0	0	0	0	4	63	2	0	0	0	249	0	0	0	0	0
D300491:bin_000007	3051	38	34	2006	36	2388	2938	2077	2282	2394	166	0	1925	1729	0	1736	1928	2368	415	20	1917	0	1602	2144	2877	0	2312	1902	543	2192	2276	1	0	0	4589	3015	2073	0	2410	2139	2545	2976	2596	3017	2692	2881	0	5	0	0	0	0	19	0	0	8	0	0	0	0	0	0	12	4	0	0	0	0	0	0	0	0	0	0	0	0	0	0	0	0	0	0	0	1	0	6	0	0	2	0	17	0	0	0	0	0
D300492:bin_000001	1234	2	7	706	0	1349	453	115	104	809	2	0	89	73	0	80	85	136	24	0	64	0	161	411	130	14	110	1068	29	132	1334	2	0	0	7751	154	135	1	3407	121	161	222	1578	230	104	139	0	0	16	0	0	60	0	0	0	20	0	0	14	0	0	0	4	7	0	0	0	0	33	8	5	0	0	0	0	0	3	33	10	81	10	0	0	0	27	0	0	0	0	0	54	7	0	23	0	0
D300492:bin_000003	132422	324	5562	94234	16	114255	193514	102339	120221	127851	1627	2	83441	122928	0	65979	85664	155518	29066	42	62505	1	69558	163702	72421	186	108069	63579	27640	81114	111935	0	0	0	179255	108540	128044	19	120402	73880	155287	123659	102300	134138	102303	121166	0	1	98	0	0	3	210	0	6	4	10	0	0	0	0	0	2	1331	0	0	0	1	66	1	2	1	0	0	0	0	2	1	0	220	0	0	18	0	83	51	2	32	0	0	1	0	0	0	0	0
D300494:bin_000016	63458	695	1620	22058	2	38995	37998	36817	43832	43163	2238	0	37609	26646	0	27550	42401	41342	9547	17	38421	0	30742	39372	52543	171	34955	32377	7563	37099	39967	0	0	0	63648	60650	35177	32	41609	36263	39599	58418	48717	49704	48431	46292	0	2	0	0	0	0	612	0	0	56	0	0	0	0	0	0	4	80	2	24	0	0	4	0	0	0	0	0	0	0	26	6	0	0	0	0	0	0	0	180	0	0	0	0	201	1	0	0	0	0
D300495:bin_000001	4835	44	80	2342	0	3473	3386	3402	3503	3791	258	0	2542	3038	0	2774	3943	3722	894	0	2939	0	3174	3237	4455	56	3429	2922	861	3401	2981	0	0	0	8143	3837	3293	8	3360	3604	3930	3805	3753	4290	3502	3799	0	0	0	0	0	2	78	0	0	3	0	0	0	0	0	0	0	14	0	0	0	2	4	0	0	0	0	0	0	0	0	4	0	0	1	0	1	0	0	0	0	0	0	0	1	0	0	3	0	0
D300497:bin_000007	189132	9471	2693	135781	0	154987	109047	166349	147260	159500	23139	2	96508	139453	0	124898	185358	170587	36672	20	150075	9	127234	128294	156927	167	139136	172253	36042	140169	139296	0	0	0	321773	171518	133984	114	156117	132048	208868	178663	176310	266059	175616	175820	0	6	6	0	0	0	2363	0	0	0	28	2	0	0	0	2	0	1880	1	0	0	1	11	40	18	0	2	0	0	0	0	10	2	2	1	0	4	0	0	136	0	1	4	0	2	0	0	0	4	14
D300499:bin_000015	2441610	154922	43964	2063176	2	1980304	1599681	2018604	1842921	2178103	82745	2	1674159	1939614	2	1535811	2240065	2321105	507059	204	1457053	46	1869823	2156079	2186023	27874	2324055	1946349	487170	1779023	1966190	92	0	0	5341848	2037200	1396855	553	2009353	2029680	1885178	1476359	2168041	2806833	1999716	1811872	0	27	2784	212	3	30	24319	0	44	16	2	3	123	0	0	11	77	13518	6	41164	0	68	1149	91	60	31603	0	40	2849	1281	94	532	1396	8536	2121	0	3141	150	11730	152006	12242	52	11	0	15196	4645	0	46	30	5
D300503:bin_000003	1474975	1229	17335	696140	11	1302746	1049553	1306054	1291219	1458441	109539	1	884745	1120681	0	1192829	1469538	1217942	342812	18	943237	27	1127479	1263220	1291614	7783	1545931	1007834	263657	1439832	1348725	22	4	0	3420685	1374121	1218936	1002	1343122	1233828	1394760	1153924	1524590	1769124	1420162	1385110	0	75	0	4	2	0	14289	1	0	0	8	0	0	0	2	9	9	11463	4	6	0	34	2734	55	0	26	4	2	0	0	3	204	11	0	0	1	22	0	1	85	0	8	13	0	6	5	0	0	2	10
D300509:bin_000001	153629	96	1285	66918	8	68985	56820	66788	126907	99423	6623	0	47940	68352	0	52790	75629	90840	90168	34	88298	0	44653	79517	49880	182	41982	44947	12597	48970	64462	2	0	0	149518	72516	76179	52	90710	100846	88369	80937	98097	106449	94342	50422	0	2	5	467	0	78	970	0	102	56	0	0	14	425	0	0	4	392	0	0	0	0	1372	0	1	0	0	0	0	0	0	18	0	1985	757	0	14	0	4	23	0	0	0	0	0	0	0	4	0	0
D300513:bin_000002	1138740	11870	33819	1076354	0	1015551	890616	1080068	1073653	1107450	66924	8	877884	1112101	0	891964	1157504	938945	310005	306	905201	17	1045949	1218024	1169717	2927	1097844	975300	256931	980250	1192893	94	18	0	2485087	1240258	1020395	5083	1116339	1010111	1303370	1170827	1290056	1269842	1345150	1196309	0	307	22	17	0	38	19069	0	40	32	21	0	19	0	52	15	6	4449	7	47	0	23	823	19	10	0	0	13	6	23	0	134	0	87	32	0	11	0	6	56	0	16	6	0	36	37	2	73	3	16
D300514:bin_000001	2810196	17304	121179	2408470	28	2726644	1948833	2508568	2472625	2715433	182809	194	2042907	2144189	1	2104388	2465001	2534315	633985	1926	2160336	54	2153883	2216235	3044066	17442	2671572	2653750	742906	2522719	2322722	66	12	0	6337426	2970007	2227645	6258	2483375	2310572	2680017	2394967	3031129	3038195	3365582	2641727	0	64	0	2	3	0	33685	0	0	0	2	2	120	6	8	38	6	11737	15	53	0	39	1154	4	2	48	0	5	1	45	2	1427	0	11	30	0	68	16	0	2630	14	46	18	2	36	0	0	23	0	26
D300514:bin_000003	203	0	0	64	0	34	177	53	116	69	8	0	49	62	0	131	63	42	62	0	118	0	14	38	61	0	24	111	11	32	37	0	0	0	99	37	92	0	57	59	6	275	70	97	94	14	0	0	0	0	0	0	0	0	0	0	0	0	0	0	0	0	0	2	0	0	0	0	0	0	0	0	0	0	0	0	0	0	0	2	0	0	0	0	0	0	0	0	0	0	0	0	0	0	0	0
D300519:bin_000004	14977	212	288	9372	4	11627	9495	12882	12192	12458	510	0	7903	12400	0	9924	12458	12419	3584	10	9254	0	10770	12321	12474	62	10726	9619	2934	11019	10992	0	0	0	24960	11330	11507	5	11131	11205	15408	14362	13198	14376	11549	11823	0	0	0	0	0	0	46	0	0	0	0	0	0	0	0	0	0	46	0	0	0	0	0	0	0	0	0	0	0	0	0	0	0	0	0	0	0	0	0	11	0	0	0	0	0	2	0	0	0	0
D300521:bin_000006	3719	80	73	3095	44	3038	2537	2784	2848	3138	226	0	2535	2937	0	2512	2910	3228	645	66	2515	0	2490	2845	3744	28	3232	2732	663	3001	3042	10	0	0	6824	3617	2813	6	3061	2986	3408	3184	3218	3866	3299	3401	0	6	17	0	0	0	42	6	0	0	4	0	10	0	0	0	2	31	0	0	0	0	10	0	0	0	0	0	6	0	1	1	0	0	0	0	0	0	0	0	0	2	0	0	0	4	0	0	6	0
D300526:bin_000014	20511	128	414	8767	112	16832	14163	15421	17455	17515	803	0	14433	14941	0	12287	18409	17105	4079	10	14288	0	13997	16302	17012	106	13276	13474	3793	14954	14792	14	0	0	28517	19130	15317	6	17046	14912	15817	18469	17019	20004	16163	15640	0	0	0	0	0	0	107	0	0	0	0	0	0	0	0	0	0	40	0	0	0	2	14	0	0	0	0	6	0	0	0	27	2	2	0	0	0	0	59	82	4	0	0	0	2	0	0	0	0	0
GPB:bin_000001	209619	714	2214	132071	4	131494	130311	122494	132183	142809	7213	0	153636	89857	1	105703	156246	177063	38007	9	127076	4	80357	130034	153108	413	117733	165340	46803	91925	139413	0	0	0	303474	123537	163483	35	166305	87991	99900	213055	116704	176379	120348	254546	0	2	180	86	0	47	2967	0	170	48	87	0	147	0	0	0	56	666	2	118	0	5	145	14	0	34	0	67	41	132	10	85	0	133	98	0	115	0	137	192	8	7	2	0	144	181	6	24	58	0
GPB:bin_000002	93	4	6	93	8	14	497	9	6	8	4	8	18	11	63	16	9	4346	13	8	12	2	29	17	12	2	9	4	5	13	15	23	28	5	34	27	12	10	22	18	20	12	17	9	21	922	23	43	91	22	14	84	0	13	44	3	40	9	40	13	2	0	10	0	12	14	90	0	116	102	76	101	8	17	22	36	9	86	28	41	101	7	26	29	38	28	0	51	0	50	54	18	37	7	17	52
GPB:bin_000003	34661	329	815	16565	10	22656	23980	22240	26914	25993	1512	0	19466	21186	0	17667	27370	26509	6491	4	21757	0	20308	24162	28766	119	22058	20784	5577	21892	22416	0	32	0	47372	30536	23146	52	23359	24995	25490	30809	26084	28203	27285	25691	0	0	36	7	0	25	162	0	29	78	65	3	26	5	0	0	6	139	0	64	2	2	66	23	1	17	0	2	32	72	8	40	0	397	216	0	327	0	63	69	2	0	0	0	165	83	0	242	49	2
GPB:bin_000004	43495	462	698	23740	17	35617	30019	33566	35032	35433	2711	0	29187	28890	0	27965	34986	34086	7713	26	28394	2	27320	36018	47502	59	36098	30997	7960	31345	33307	0	1	0	75863	39145	29029	73	37221	34982	39370	42820	35630	46281	36414	35864	0	2	44	23	0	0	1062	0	0	6	4	0	3	0	0	2	2	405	2	5	0	2	14	1	0	2	0	0	5	3	5	2	18	28	9	1	16	0	14	182	0	4	0	0	14	11	0	31	4	0
GPB:bin_000005	83126	528	1696	39434	32	71285	66181	74079	78384	71472	4397	0	61980	66788	0	51372	66415	66833	18798	127	60060	6	57455	69718	71823	266	62620	55968	15634	62309	66757	12	2	0	138507	81951	63329	21	74936	64290	69144	78362	71125	84158	72023	63475	0	0	19	1	0	2	617	0	8	35	55	1	25	0	0	4	3	221	0	5	2	3	89	4	0	2	0	0	16	20	6	34	2	35	65	0	42	4	337	653	2	0	0	0	188	23	0	43	25	0
GPB:bin_000006	1259	3	45	1494	0	1152	1018	1429	1074	1310	106	0	795	1093	0	982	1181	1123	285	0	969	0	1152	1229	1114	0	1178	859	196	931	1137	0	0	0	2363	1082	1234	0	1244	935	861	1017	960	1568	1250	1189	0	0	5	16	0	0	6	0	9	6	15	1	3	1	0	0	2	18	0	7	0	0	5	4	0	4	0	1	3	3	1	3	0	39	45	0	65	0	8	0	1	0	0	0	23	22	0	69	1	0
GPB:bin_000007	50049	409	957	30051	2	40764	35630	40678	41222	43088	2339	1	30937	35984	0	31990	42728	41329	10633	42	32890	2	34975	39227	47020	186	40691	34924	9329	39941	39451	0	0	0	91465	45811	38135	65	40900	39541	46438	46073	45672	50707	45207	43404	0	2	59	20	0	38	485	0	51	30	41	0	43	0	0	2	9	345	0	28	0	1	88	0	0	6	0	22	6	38	7	18	12	71	38	0	50	0	22	128	6	0	0	0	39	51	4	26	36	0
GPB:bin_000008	301328	1243	3736	468592	0	289926	275269	371929	267717	337721	16312	4	210558	288905	0	337599	337406	292886	83869	321	216912	6	304923	335585	312091	3033	388211	243699	55041	286682	315225	4	0	0	675184	311119	336348	416	369520	290856	278645	306525	316374	484968	355074	375011	0	15	192	30	0	38	4504	1	90	225	137	0	81	4	96	0	76	1839	2	132	0	7	398	40	26	0	0	14	131	149	70	142	0	425	395	0	116	2	106	611	41	22	5	0	2590	737	0	427	1532	2
GPB:bin_000009	680	42	16	572	4	511	1434	480	431	599	26	19	294	542	740	332	396	393	166	160	388	2	493	573	610	44	589	319	185	318	476	212	10	12	913	694	439	8	648	536	746	530	600	616	849	341	22	45	108	11	7	183	270	29	45	98	138	13	69	57	9	0	116	67	5	29	24	4	975	232	143	44	45	23	248	35	19	3849	15	685	199	15	191	69	70	814	32	46	2	10	61	362	59	26	532	37
GPB:bin_000010	213935	336	323	161134	29	212349	166315	235185	175481	225385	13119	69	140832	215878	171	162445	219687	156640	38978	140	157764	12	238651	229491	179767	98	218580	137776	76039	162023	175328	195	94	116	371645	292465	218906	144	253340	234117	271664	236045	290640	222752	253191	178551	54	94	14658	9595	179	5921	307	293	3045	778	726	897	1178	304	119	45	1661	3833	225	2833	260	117	1355	80724	943	618	318	2373	128547	28933	8184	126237	148	111646	73930	238	88262	237	30356	430622	23117	197	283	273	15813	95640	253	12214	261354	232
GPB:bin_000011	17	0	1	54	0	6	5	40	25	18	0	0	14	18	0	17	10	6	8	0	24	0	2	24	16	0	13	15	4	6	7	1	0	0	16	5	47	0	16	10	14	19	12	14	3	31	0	0	1	0	0	0	1	0	1	0	0	0	0	0	0	0	0	0	0	0	0	0	0	0	0	0	0	0	0	0	1	1	0	2	2	0	4	0	0	0	0	0	0	0	6	3	0	2	5	0
GPB:bin_000012	25334	291	732	16074	4	21003	18508	19879	20995	21915	1102	0	16848	18490	2	16317	21409	21377	5061	5	17552	0	18612	21194	25006	149	21322	19466	5294	19371	19833	2	0	0	47677	24121	19242	74	21211	19889	22886	23041	23436	25946	24448	22075	0	0	43	12	0	2	314	0	9	33	20	0	8	2	0	0	1	140	0	46	0	2	32	15	2	40	0	0	15	16	2	69	34	51	66	0	107	0	54	218	9	0	0	0	170	30	1	83	60	0
GPB:bin_000013	118730	1300	4374	77327	5	105886	127944	106218	101128	110069	5702	0	77365	97261	0	88211	106882	108165	22150	68	80970	2	93880	91667	124236	263	100643	90477	38659	98823	102269	0	0	0	285401	103273	107300	97	108133	95198	117624	109497	119120	123419	120876	103836	2	8	90	2	1	18	1647	0	1	15	18	0	1	0	28	0	0	509	0	0	0	6	70	1	8	0	0	1	26	2	4	14	106	26	38	0	31	2	16	892	0	30	0	0	91	2	0	1171	1	0
GPB:bin_000014	98469	465	1620	55460	10	51259	55688	83010	78737	69344	6377	0	44662	51535	0	51949	78514	67616	56675	20	61922	2	53590	151609	83047	198	79535	57405	14654	54052	65323	63	16	0	144506	62980	60898	129	73575	60569	59669	83747	69861	75247	76374	62744	7	7	2905	1052	0	374	611	8	1547	2184	2018	80	1770	252	8	4	681	1350	12	2260	4	11	1807	466	512	484	66	873	1419	2087	343	1434	24	3999	3669	0	5085	13	1451	2768	159	51	14	28	13359	3300	15	5114	7938	104
GPB:bin_000015	44669	397	1053	42166	2	40193	35612	39649	39468	39281	2349	0	26841	33443	4	30266	37172	44725	12497	15	27055	0	38891	35491	43167	85	38072	35358	10912	34905	34617	0	0	0	88090	39947	40044	73	44289	39110	43374	40850	39936	47551	41621	42776	0	0	9	6	0	6	271	1	7	6	6	2	6	0	0	0	13	429	0	9	0	4	42	2	0	0	0	5	6	7	2	10	24	13	14	2	22	0	2	190	4	0	0	0	15	2	0	12	4	2
GPB:bin_000016	43769	377	1100	32517	0	36711	32287	38217	35453	38691	2399	1	28352	34480	0	29449	38477	37280	10547	22	29607	5	33144	37510	44777	109	35602	32619	8812	35298	36041	0	0	0	85540	40671	36056	58	37590	37420	42114	40707	42282	47805	43635	39553	6	8	4	3	0	12	365	0	4	15	12	0	8	0	0	1	0	292	0	10	0	0	50	1	1	2	2	0	19	27	1	5	14	25	19	0	22	0	22	327	2	0	0	0	34	4	34	14	4	0
GPB:bin_000017	22854	15	1068	3878	0	4024	20385	4576	18820	8565	157	0	4309	3605	0	15889	11832	28318	2238	0	9285	2	4214	8593	18031	2	5299	13930	1370	13084	5458	1	0	0	8342	9244	10503	6	7756	5856	2061	31771	8900	9419	16403	7939	2	0	614	1080	0	73	4	0	283	302	381	14	146	38	0	0	97	162	0	394	0	0	205	47	25	82	0	174	172	406	27	183	0	507	453	0	555	0	149	98	12	0	2	0	431	280	1	178	193	0
GPB:bin_000018	1182	7	51	1208	0	997	873	1097	1049	1038	66	0	657	913	0	917	1152	999	275	0	924	0	1036	992	1111	2	1041	934	153	805	1055	0	0	0	2029	1033	1084	0	1123	914	956	944	976	1404	1025	1085	0	0	4	4	0	8	46	0	14	8	34	0	10	0	0	0	4	17	0	4	0	0	8	3	0	2	0	0	9	19	2	7	0	43	59	0	105	0	20	5	0	0	0	0	47	17	0	76	21	0
GPB:bin_000019	68476	41	82	19619	0	43403	34528	46100	34154	36665	328	0	33582	29184	0	40238	48669	63414	7110	0	28781	0	23192	30714	25398	0	33148	32420	13334	20584	41006	0	0	0	71671	36117	52866	18	32980	34201	65619	26948	34470	50933	18013	60938	0	10	0	0	0	0	1743	0	0	2	0	0	0	0	0	0	0	21	0	0	0	3	1	1	0	0	3	0	0	0	0	7	0	1	1	0	1	0	0	10	0	0	0	0	9	3	0	0	1	0
GPB:bin_000020	428	2	3	157	0	233	369	278	363	280	22	0	185	220	0	331	239	206	136	0	318	0	217	283	221	4	203	337	70	227	260	0	0	0	594	289	343	0	290	241	225	459	271	312	408	250	0	0	5	9	0	1	2	0	0	4	9	0	3	0	0	0	0	9	0	3	0	0	2	1	0	0	0	5	5	7	2	8	0	22	10	0	28	1	5	8	0	0	0	0	7	4	0	41	3	0
GPB:bin_000021	119255	469	6239	94235	4	46077	96960	41308	53452	142479	12091	2	34193	132806	0	38530	42906	37405	13926	193	60121	0	333906	76776	836311	244	151703	30539	65441	63008	378948	4	0	0	280353	39835	35097	76	41926	202065	345719	136754	41510	189506	219005	333688	0	1	2	10	0	4	763	0	9	8	29	0	8	0	0	6	6	624	0	10	0	5	40	5	17	0	0	1	3	22	3	29	32	40	15	0	54	0	31	144	0	2	0	0	71	11	0	60	10	4
GPB:bin_000022	97209	393	3278	82593	12	66611	61315	79462	84139	80377	4983	0	63893	72023	0	52841	79299	86745	21348	17	64350	0	61537	76967	92701	244	58398	71926	17932	82449	72498	0	0	0	139605	79213	90854	113	74596	61216	75064	64568	85243	123611	88641	86244	0	2	13	22	0	10	603	0	22	22	14	0	17	0	0	0	8	355	0	18	0	0	22	0	1	28	1	7	3	31	2	16	6	26	18	0	44	0	41	326	4	0	0	0	66	28	0	16	9	0
GPB:bin_000023	269971	215	382	113745	40	231666	169434	234969	201273	237853	4213	0	117603	161422	0	171908	252075	313887	43623	0	113449	8	214530	207277	174569	111	182930	155695	59168	155053	202100	24	0	0	390443	168130	246531	2499	268400	164020	280125	272672	159129	164245	152122	210751	0	2	2	4	0	4	6201	0	1	0	3	0	1	0	0	2	0	1384	0	1	0	4	4	28	0	4	0	0	23	6	4	78	22	2	29	0	9	0	5	6	4	0	1	0	4	5	0	22	1	0
GPB:bin_000024	25579	169	378	14280	2	21027	18326	21078	21258	22155	1326	0	15466	19596	0	17447	22338	21242	5430	27	16521	2	18799	20948	25423	95	21816	17353	4873	20542	21056	0	0	0	47409	23833	20039	58	20989	20401	24157	22869	23013	26868	23656	22061	0	0	5	4	0	0	164	0	5	3	5	0	4	0	0	0	3	130	0	25	0	2	6	1	3	2	0	2	3	7	7	1	0	11	21	0	5	0	13	110	0	0	0	1	42	12	0	24	29	0
GPB:bin_000025	57612	726	1706	29162	125	46152	46949	51504	45639	46355	3823	0	36223	46790	18	30204	52421	59288	13222	38	41688	0	47229	50144	67016	216	53429	53718	14324	68722	50079	6	4	0	137119	70622	62738	6	71995	66259	66886	103596	80376	89085	70798	72754	23	3	25525	4127	30	2267	1330	0	8790	24603	17805	397	15169	907	1	0	11326	9957	1	16425	2	21	4445	4990	2828	197	5	3569	16736	16842	6193	17495	50	41907	41667	0	38933	393	14089	71293	4538	27	218	0	287738	55478	16	65550	175644	384
GPB:bin_000026	52680	6	764	26962	0	51460	25925	30700	39494	53497	641	0	16561	44792	0	24166	45895	43738	11155	0	40070	0	13968	48719	44705	0	29707	28383	5926	15474	44712	0	0	0	68130	24733	37921	0	28746	35206	43167	35136	29984	35391	47234	36801	4	0	4	1	0	0	25	0	9	13	11	1	5	1	0	0	18	299	0	4	0	0	10	0	1	0	0	0	4	11	1	3319	0	16	9	0	13	0	10	8	2	0	0	0	24	8	0	20	10	0
GPB:bin_000027	25637	423	429	19059	6	23373	17780	22124	22949	22026	1267	0	15685	19774	0	17021	22021	23098	6626	2	16322	2	18237	21213	25673	95	23069	19258	6007	21508	19182	0	0	0	54952	22943	21966	64	20863	22211	26516	24942	23401	28351	22043	22784	0	4	6	1	0	0	228	2	7	1	1	0	1	0	0	0	1	89	0	6	0	1	28	0	0	1	0	6	3	2	0	2	4	24	3	0	5	0	14	116	0	0	0	0	11	1	0	1	1	0
GPB:bin_000028	33138	72	153	14390	0	28557	9652	49255	23713	26246	521	0	20711	18606	0	21737	14410	47012	10643	20	19525	2	15276	25210	22058	17	22833	27262	5535	28136	21803	0	0	0	52036	32917	32317	22	23650	18312	28076	38353	24780	38383	18594	23133	0	2	0	0	0	0	71	1	0	0	0	0	0	0	0	0	1	20	0	0	0	0	0	0	0	0	2	0	0	0	0	2	0	0	4	0	6	0	2	18	0	0	0	0	7	0	0	1	0	0
GPB:bin_000029	23419	193	573	8553	2	13660	17602	13836	17625	16424	1010	0	12509	14474	0	12718	19061	17711	3736	0	14625	2	13642	17049	18693	49	13409	14265	3576	13952	15480	0	0	0	29454	19067	15972	24	15540	15668	15715	22082	16280	18329	18304	16068	0	0	32	0	0	1	191	0	6	21	29	1	11	0	0	0	1	80	0	5	0	0	8	6	1	4	0	2	2	8	3	7	0	96	48	0	61	1	29	38	0	0	0	0	45	32	0	83	13	0
GPB:bin_000030	68676	512	1298	31889	4	47170	47330	45459	52942	52401	2981	0	40265	48873	0	37850	57963	56508	12224	27	43359	2	44972	51037	59456	259	47995	43697	11572	48049	48016	0	0	0	100549	56660	48414	65	49314	50525	50696	60737	51205	57630	55343	52864	0	1	8	10	2	32	616	0	62	120	102	0	32	3	0	0	16	267	0	74	0	0	85	14	2	12	0	3	21	85	23	10	0	179	149	0	309	0	94	91	4	2	0	0	326	118	0	290	54	2
GPB:bin_000031	51142	715	1267	31337	4	39864	35568	40946	40870	41825	2434	0	30768	35646	0	30928	40394	39320	9583	23	33094	0	35018	38434	54267	243	40510	32296	10126	39170	40630	0	0	0	87750	48195	37607	54	39605	39889	50714	47403	44918	51451	47308	43504	0	2	11	9	0	0	389	0	2	11	8	0	0	0	2	2	14	301	0	0	0	4	32	1	0	2	0	0	4	2	9	12	14	12	10	2	18	2	28	244	1	2	0	0	81	5	4	63	22	0
GPB:bin_000032	33478	94	250	24320	13	41202	28725	43843	35517	40536	9908	0	28818	32932	0	34666	46448	25519	7493	14	23194	0	8492	46418	54016	96	39412	28429	14571	30697	29295	0	0	0	129908	64511	42750	0	30441	20212	23838	35619	49206	44251	60752	39110	0	20	10	0	0	0	252	0	3	3	3	0	45	0	0	1	3	40	0	0	0	0	27	0	1	74	0	1	13	7	0	22	0	16	19	0	21	0	10	62	0	0	0	0	16	10	0	3	8	0
GPB:bin_000033	83163	565	3034	74119	8	67757	61670	73464	66437	69432	4669	0	50075	61136	0	52664	67634	74834	20544	7	52859	0	53673	68847	79665	78	67446	72953	19106	69045	60144	4	4	0	167994	74817	76249	101	72308	74081	80473	75727	77122	82464	83170	75031	0	2	58	18	0	11	794	0	38	82	48	2	37	2	2	0	30	600	2	60	0	0	76	56	22	4	0	3	34	52	18	37	4	152	103	0	35	0	31	360	4	14	0	0	998	241	0	145	498	0
GPB:bin_000034	28740	200	502	23841	0	19077	16954	19503	21673	24077	1358	0	15787	14162	0	15764	22630	19931	4706	4	26456	0	30175	26004	29556	166	15500	15095	6516	18245	17022	0	0	0	32871	22319	19514	17	15959	29830	17628	21625	21198	28082	23408	22971	0	1	33	89	0	2	152	0	13	28	13	0	2	0	0	0	2	91	0	15	0	0	18	3	0	1016	0	2	8	20	6	85	2	47	89	0	28	0	17	39	2	0	0	0	119	9	0	46	71	0
GPB:bin_000035	1402639	7523	33295	427710	4	768066	1006434	687934	1049711	930176	54558	1	757294	791618	0	653350	1126736	1190132	176736	270	784007	13	852217	870238	1170356	3059	906519	907702	215891	820334	817927	0	0	0	1526790	1014056	868113	2060	790031	1014829	837505	1128642	794602	864045	1021121	961473	0	31	89	241	0	4	3001	0	36	3249	23	2	4	2	0	4	62	3304	3	650	0	21	272	17	0	10	0	3	4	20	29	258	0	73	436	0	182	106	40	328	11	0	3	0	5956	31	0	95	19	113
GPB:bin_000036	44615	1308	1871	43003	4	34929	34794	41849	35857	36018	2398	0	30452	32445	0	29189	34217	33789	12422	2	34666	2	31911	40620	44820	62	38008	38946	8505	32972	37423	0	0	0	93375	47634	33028	234	38147	35887	41495	38439	41914	51247	41443	45689	1	0	37	31	0	16	315	0	14	79	53	0	50	0	0	0	65	358	0	48	0	0	97	14	13	0	0	10	56	108	23	20	36	165	133	0	32	0	47	589	18	0	0	2	862	223	2	138	480	0
GPB:bin_000037	74045	664	1935	57410	12	62099	57712	65103	65676	67516	3828	0	51872	62304	0	52330	70494	60321	18338	16	54656	2	60749	72072	73391	164	63315	59274	14998	59418	66759	11	4	0	145548	71553	62745	310	65214	60352	74750	72071	72901	75499	75760	68752	0	0	25	26	0	2	1129	0	16	29	39	0	25	0	14	2	1	211	0	11	2	5	65	5	2	22	0	6	12	14	3	45	16	72	44	0	80	0	18	133	6	0	0	0	82	21	2	91	13	8
GPB:bin_000038	27245	303	642	17282	3	25300	26860	21996	21002	23314	1605	0	19712	22073	40	23908	22793	35345	7897	54	23627	6	23512	21484	37386	79	23858	22601	6625	34930	20843	51	12	0	56891	40524	28964	10	31335	36137	34894	47002	42948	49257	38181	39875	208	25	4849	803	32	462	957	0	1609	4322	2847	31	2112	163	0	8	1968	1870	0	3242	1	0	1262	648	1197	103	19	768	3009	3533	1184	5672	26	7910	7122	8	10724	99	2403	8386	508	80	21	0	47049	8082	37	11755	28979	154
GPB:bin_000039	4747	49	101	2635	6	3652	3226	3668	3613	4047	306	0	3042	3197	0	3234	3914	3617	914	0	2653	0	2903	3476	4173	6	3918	2565	768	3980	3620	0	0	0	9304	4549	3579	2	3966	3723	3933	4079	4598	5058	4139	4337	0	3	1	0	0	0	105	0	0	8	0	0	0	0	0	2	0	46	0	0	0	0	16	0	2	0	0	0	0	0	0	5	0	1	24	0	1	0	0	12	0	2	0	0	8	0	0	4	1	0
GPB:bin_000040	811	0	24	1116	0	791	718	1012	598	813	18	0	507	656	0	836	769	610	200	0	607	0	688	805	664	4	779	576	114	696	716	0	0	0	1728	637	751	0	864	715	628	727	739	1072	943	734	0	0	1	2	0	1	4	0	3	5	3	1	2	0	0	0	0	2	0	0	0	0	1	0	0	0	0	0	1	6	0	8	0	22	14	0	28	0	5	0	0	0	0	0	6	2	0	39	0	0
GPB:bin_000041	15161	10	2823	7945	0	17125	8900	18394	5468	14503	108	0	3508	11573	0	6218	9745	22807	3821	0	9378	0	15409	25096	10840	0	8956	15179	4793	16486	10620	0	0	0	39226	23233	11903	0	7415	12075	15192	22122	22926	27328	17796	5950	0	0	44	28	0	13	0	0	76	74	72	0	35	9	0	0	14	26	0	100	0	0	45	1	26	0	0	12	67	45	4	17	0	103	59	0	105	0	73	13	0	0	0	0	45	66	0	42	15	8
GPB:bin_000042	18	0	3	8	0	27	25	31	16	28	0	0	11	21	4	9	16	11	0	0	16	0	22	9	11	0	12	26	5	17	18	0	0	0	13	19	30	0	20	26	39	14	24	37	20	12	0	0	146	103	0	27	8	0	147	109	109	13	145	5	0	0	9	73	0	113	0	0	117	59	25	13	0	116	39	190	26	96	6	139	173	0	166	0	30	81	7	0	0	18	240	174	2	30	132	0
GPB:bin_000043	289816	2342	10484	297871	14	201304	202572	256802	221199	246772	22818	0	192132	214631	0	177027	192381	271230	75829	34	167021	11	203186	226552	306302	169	228298	283277	65247	223829	181796	0	68	0	554735	273054	237318	105	276370	236855	293149	304811	255939	315830	262603	296735	2	2	30	10	2	0	854	1	14	4	12	0	40	0	124	1	5	4222	2	12	0	15	63	52	0	12	0	8	7	14	2	14	14	18	31	0	29	0	18	166	2	9	2	0	22	18	2	26	4	2
GPB:bin_000044	7086	58	80	4402	2	5635	4724	5563	5597	5777	482	0	4849	4496	2	4459	5495	5763	1285	42	4604	0	4537	5172	7164	16	5512	4469	1195	5366	5018	0	0	0	10943	7602	5179	0	5766	5458	6677	6815	6166	7269	5941	6415	0	0	15	0	0	1	108	0	1	4	2	0	6	0	0	0	0	28	0	1	0	2	29	0	0	27	0	2	7	0	1	6	0	5	4	0	7	0	6	36	0	2	0	0	2	5	0	17	1	0
GPB:bin_000045	181170	1040	4751	186626	6	178071	131835	217074	169834	183974	25090	0	134181	163744	0	131259	185241	167693	54764	3	140843	8	105084	156324	230720	137	155124	206145	51093	177379	176360	2	8	0	431570	213917	183763	93	235074	211215	231274	256493	228190	185389	231300	208571	0	23	26	14	0	1	5534	0	10	5	21	2	30	0	3	0	2	1313	1	18	0	6	78	60	2	17	0	10	6	10	2	42	8	23	21	0	13	0	24	179	14	0	0	2	51	29	2	2	10	8
GPB:bin_000046	55858	406	711	42390	262	48853	42985	45744	45140	42887	2971	0	41818	43705	0	36194	44022	43050	9954	57	36348	0	43725	46056	57472	73	54395	42400	10442	53083	49279	0	0	0	115378	50413	40411	23	48784	47839	54140	51571	43851	64389	50339	46433	0	3	40	3	0	2	1701	0	6	24	15	0	5	0	0	0	2	303	2	38	0	2	30	3	2	4	0	1	94	12	0	19	18	32	61	0	51	0	14	162	2	10	1	0	76	26	0	41	14	0
GPB:bin_000047	34313	306	793	16615	30	23397	24770	23589	26163	25414	1425	0	20388	20455	0	19650	25200	24519	6719	14	22124	0	21059	25356	30315	81	21718	21353	5183	23231	24289	4	2	0	47725	32278	23477	12	25156	22931	25393	36442	29485	30747	28710	27036	0	0	106	200	0	10	275	0	86	50	37	2	56	0	0	0	27	102	0	31	0	1	45	6	1	3	0	15	9	115	13	47	0	164	101	0	51	0	36	68	4	0	0	0	117	72	2	68	28	0
GPB:bin_000048	40922	369	520	48356	137	55729	47406	67919	54327	68155	13882	280	41460	50348	447	48734	49093	54166	18562	488	30165	49	53648	62119	66425	292	33325	50466	20095	47401	38209	484	250	342	77116	83305	53377	494	58447	48785	75254	70761	44619	67454	56186	32789	305	330	2270	6124	694	964	718	881	855	498	662	565	1086	500	482	110	738	2849	748	939	862	267	1344	8026	1078	1244	660	699	12130	3501	665	9721	817	8970	6755	969	7073	477	3316	52151	2323	661	227	568	1751	6509	874	1643	19138	678
GPB:bin_000049	280	3	18	480	0	340	272	402	269	349	87	1	228	441	96	300	206	341	147	6	174	0	248	382	305	15	190	204	108	187	361	202	2	4	547	466	252	24	314	289	374	476	298	347	244	189	0	6	33	28	32	13	43	0	14	17	29	0	9	6	2	0	11	35	8	11	12	1	126	71	40	5	10	13	91	24	17	637	10	112	79	12	42	23	23	582	26	31	2	0	6	533	13	11	184	9
GPB:bin_000050	90	1	0	97	6	44	17	56	57	41	0	0	46	47	0	16	34	71	57	0	29	0	16	76	71	0	32	19	17	29	66	0	0	0	109	41	66	0	55	52	47	55	39	61	42	63	0	0	15	3	0	1	0	0	15	37	23	0	6	0	0	0	0	8	0	1	0	0	4	0	0	0	0	9	4	36	5	6	0	24	99	0	66	0	12	11	0	0	0	0	129	24	0	99	6	0
GPB:bin_000051	720592	3381	17775	229520	2	398115	523973	351083	539475	474788	27613	2	389083	442738	0	335260	579868	617609	89654	115	397954	11	436467	453373	602216	1696	466652	470114	110364	418036	412764	6	0	0	794169	517413	453951	884	399394	523035	435034	594859	397050	441639	519729	485222	0	15	102	3	0	10	1616	0	1	1738	52	12	24	4	6	5	0	1888	0	482	0	6	126	9	0	34	0	3	12	13	30	102	0	54	148	0	98	98	43	99	4	16	2	0	3463	32	0	89	24	76
GPB:bin_000052	186961	799	3491	134640	2	157615	136271	161890	153881	163220	4615	0	85462	165713	0	99040	151791	140031	55301	69	123486	4	104292	170355	146022	6818	169958	141552	38969	153448	152191	2	0	0	301108	157975	161464	103	141196	148997	159522	149550	173967	211009	142868	160909	0	9	52	16	0	25	2740	0	170	47	48	1	41	3	0	0	3	720	0	43	0	3	159	8	0	2	0	16	15	42	27	28	22	71	47	0	57	0	48	128	0	8	0	0	235	45	5	93	34	0
GPB:bin_000053	13950	213	290	9145	6	11122	9674	10303	11426	11638	699	0	8983	9889	0	8383	11251	11184	2707	17	9211	0	9813	10979	13592	76	10713	10004	2451	10510	10710	0	0	0	22458	13376	9753	9	10820	10711	12755	12879	12113	14287	11873	11994	2	2	275	116	0	39	151	0	168	125	209	7	168	0	0	0	53	101	0	195	0	0	196	33	8	15	10	87	64	208	14	87	2	529	301	0	407	0	141	92	7	0	0	0	369	364	1	492	186	0
GPB:bin_000054	59299	66	6973	47726	0	96578	84152	137294	87793	99721	8385	0	60264	92433	2	95410	83291	108640	18269	0	111108	0	68903	94257	108485	12	69098	80417	20153	120393	105117	14	0	0	160989	87706	92358	254	88348	56155	108766	58733	94940	130237	97974	93305	0	9	0	0	0	0	3891	0	0	0	0	0	0	0	0	2	0	302	0	0	0	4	160	0	0	0	6	0	0	0	2	2	0	14	0	0	0	0	6	0	0	0	2	0	0	0	0	0	0	1
GPB:bin_000055	46892	603	1179	29220	0	36320	32204	35691	37555	40511	2562	0	30682	29261	0	28104	37066	35947	9586	62	31776	0	30720	35612	43985	197	35595	31290	8417	34350	36875	2	0	0	76903	49677	32962	70	36304	32526	38475	43338	43660	47359	44341	41535	0	0	46	24	0	0	398	0	7	4	8	0	4	0	0	2	3	140	0	45	0	0	32	0	0	4	0	4	8	5	3	10	7	51	11	0	6	1	33	293	10	2	0	0	65	11	0	30	10	0
GPB:bin_000056	11597	62	203	5544	6	7452	7002	7144	25772	10688	389	0	5620	10349	0	5149	17493	9326	2746	24	6529	0	9297	22475	17155	10	6223	5954	2474	6835	22012	0	0	0	16515	7767	7720	2	7245	7135	7111	11109	7528	8531	7587	11429	0	0	8	18	0	0	804	0	3	17	24	0	19	0	0	0	6	46	0	7	0	0	12	5	0	3	0	1	14	21	3	14	4	63	36	0	86	0	28	28	3	1	0	0	58	44	0	94	18	0
GPB:bin_000057	155737	7424	10007	150226	4	107649	106156	138684	120265	114152	5983	2	105635	100284	0	87906	105520	104889	39925	27	134553	9	110233	146718	152313	165	141189	157019	25685	104503	140852	8	0	0	345984	172926	92150	1245	125555	109376	138697	132501	154044	173149	126779	186813	0	0	353	158	0	119	750	0	364	83	160	2	226	0	0	2	73	808	0	120	0	4	254	20	0	2	1	126	66	221	22	179	37	381	119	0	223	0	66	170	4	4	0	0	152	262	38	57	118	0
GPB:bin_000058	201459	580	1824	150989	16	197638	130938	272989	204125	197314	16452	0	157782	163952	0	194691	193372	213744	39397	2990	186381	2	158342	214197	280531	159	173794	230200	56588	192041	143532	0	0	0	469959	246386	209805	100	202575	234427	232329	252812	234879	262103	231793	206146	0	2	408	12	0	0	5508	0	2	0	0	0	18	0	0	1	1	1437	0	11	0	10	6	0	4	4	0	0	2	3	4	881	6	16	32	0	10	2	6	4921	2	26	2	0	41	4	0	57	13	5
GPB:bin_000059	23797	103	279	14796	0	22281	18224	24929	23166	22024	1985	0	14187	24382	2	17937	23488	25695	3822	4	17304	1	25932	18313	24575	34	23222	21678	5608	18992	17894	0	0	0	45664	23144	24586	1	24394	15392	13679	23757	22746	33431	21323	20222	5	0	38	26	0	17	93	0	25	98	106	0	16	8	0	0	4	115	0	17	0	0	40	25	0	2	0	4	16	128	6	12	0	150	212	0	369	0	79	31	1	0	0	0	177	88	0	375	118	0
GPB:bin_000060	204493	1927	4090	186267	0	182689	155664	178854	176859	182890	10411	0	136267	151013	0	148809	179187	187466	44633	15	139157	13	143776	161393	205623	376	191955	165887	40953	164876	153046	10	4	0	403670	200079	154611	164	177154	163379	205357	175188	189694	226304	186874	175646	0	1	30	17	2	2	2130	0	36	17	12	0	29	4	4	3	12	1554	0	8	0	14	255	8	0	4	0	14	3	25	2	26	359	74	46	0	5	4	24	153	4	7	1	0	48	29	10	5	17	6
GPB:bin_000061	116316	287	1030	123203	4	103366	95465	88223	110596	107158	6882	0	60001	91450	2	80004	99935	152262	43388	6	60542	7	157639	85032	115456	305	104412	74944	33224	58155	104238	0	0	0	219494	97590	116801	130	163097	91573	110120	108807	124483	136534	103708	130255	0	0	0	0	0	0	606	0	1	3	18	0	1	0	0	0	4	1991	2	0	0	2	28	43	0	2	0	1	0	0	0	5	50	14	7	0	53	0	6	83	2	10	0	0	4	1	0	0	0	10
GPB:bin_000062	81072	420	2433	64081	0	63676	53262	75480	62891	65977	3044	0	48869	66282	0	56344	66855	60643	14319	3	46010	4	55631	51498	78414	965	63561	54312	16713	59078	54784	0	0	0	141262	67686	61846	109	57041	58644	80120	69931	71535	73662	58589	65938	0	3	9	0	1	0	685	0	5	4	5	0	2	0	0	0	0	771	0	0	1	1	29	16	0	2	0	1	0	0	2	3	30	6	14	0	19	0	22	44	2	0	0	0	28	7	0	21	8	1
GPB:bin_000063	96624	5033	992	73658	4	133447	80220	111186	133895	126827	5835	0	132496	108515	0	73134	172717	227943	35253	6	105679	2	255541	120606	136449	62	98135	152043	24801	141206	128856	0	0	0	184493	166571	49622	12	103922	143359	79150	125667	56761	107572	115875	157598	0	0	17	0	4	1	1553	4	21	26	24	0	49	0	0	0	3	208	0	10	0	0	45	3	1	11	0	0	24	24	3	150	0	122	92	0	199	0	36	9	0	0	0	1	102	66	0	179	27	0
GPB:bin_000064	34703	290	719	16348	34	24426	23690	22507	25901	26093	1483	0	21559	23293	0	18419	27324	26358	6181	12	22556	2	21003	25538	30126	71	22495	22044	5412	22576	23880	0	0	0	47924	32813	23095	64	25001	23555	25850	33940	26753	29579	28272	26307	0	0	10	14	0	6	220	0	11	103	55	0	22	3	0	0	5	126	0	45	0	2	27	2	4	19	2	3	21	28	2	5	0	95	125	0	156	0	73	95	0	1	0	0	101	71	0	160	35	6
GPB:bin_000065	182410	893	1437	135541	2	158987	102281	148836	116446	141558	6048	0	123260	140560	0	132931	141850	171248	23708	19	101323	2	111767	129157	249920	267	116631	103334	52023	89162	126023	0	0	0	468865	168765	109532	174	106657	186562	114417	173705	111682	171200	140131	194399	0	22	4	20	0	4	619	0	32	17	24	0	17	0	0	2	8	877	0	67	0	5	58	2	2	25	0	4	67	26	2	16	8	52	85	0	99	0	86	271	12	2	0	0	61	39	0	68	14	0
GPB:bin_000066	38915	405	829	18079	6	26208	26447	25089	31475	31020	1757	0	22457	24168	0	21027	30925	28653	6796	20	25136	0	23796	30612	37353	57	26832	24481	5949	25160	27393	0	0	0	53137	36875	27923	36	26273	28703	28367	37071	30813	33719	32077	29977	0	0	2	27	0	5	228	0	1	8	2	0	1	0	0	0	1	108	0	6	0	0	26	0	0	9	10	1	1	7	13	24	4	11	18	0	9	0	6	92	2	0	0	0	77	3	0	31	4	0
GPB:bin_000067	981860	3699	12499	1465271	1	926639	871029	1206007	872763	1102267	54243	1	673083	936924	0	1085726	1118579	950070	276589	719	719784	17	991448	1083528	986642	9716	1249084	784448	177614	933843	1037195	26	0	0	2155516	996951	1088967	1359	1207161	937898	897765	988881	1044117	1558975	1146627	1223322	0	45	33	2	2	2	13498	0	2	0	2	0	2	4	153	5	7	6505	6	0	0	39	1321	4	2	11	0	0	0	0	0	221	26	6	133	0	48	30	4	1	4	26	4	0	19	40	0	6	1	4
GPB:bin_000068	27700	249	631	17062	6	22466	20245	22349	23665	23822	1514	0	18110	19219	0	17438	22856	22277	5317	71	18693	0	19682	21885	27726	121	22084	19239	5402	21132	22065	0	0	0	47717	27688	20706	56	23395	20927	25582	27131	24885	29073	25219	24482	1	2	262	124	0	95	294	0	254	152	155	3	197	0	0	0	74	246	0	206	0	0	161	16	2	8	0	88	105	237	25	148	2	313	235	0	236	0	112	235	16	3	0	0	755	362	11	233	464	0
GPB:bin_000069	55846	208	2204	55563	2	45458	41194	52786	43794	47100	3174	0	34138	40680	0	37584	44533	52803	14598	24	36309	0	34084	47285	53897	34	46124	55163	13917	47701	39277	2	4	0	118785	52064	55176	71	50094	52508	54180	52271	51722	54685	58688	52124	0	4	12	0	0	0	311	0	0	11	0	0	1	0	8	0	0	524	2	4	0	0	6	94	0	0	0	0	0	0	1	10	31	1	8	0	1	0	1	37	0	2	1	0	10	0	0	0	2	0
GPB:bin_000070	40	0	1	83	0	23	23	52	34	62	10	0	22	23	0	4	37	41	47	0	22	0	19	31	19	0	25	31	11	12	17	0	0	0	72	11	33	0	27	22	16	30	31	32	38	20	3	0	8	2	0	0	0	0	2	1	5	0	0	0	0	0	0	11	0	0	0	0	4	0	0	0	0	1	3	4	1	0	0	19	10	0	27	0	1	2	0	0	0	0	10	6	0	39	4	0
GPB:bin_000071	701768	13444	31726	437814	10	628833	602513	637664	562818	656929	20798	0	428729	631617	0	506250	709018	676475	103474	149	412529	18	579986	496948	784886	734	657201	533603	159006	669118	594146	7	6	0	1574434	602749	540622	162	674027	500644	736067	585988	686527	798631	734545	577819	0	26	30	0	0	3	10999	0	0	7	1	16	0	12	371	8	5	2828	6	2	0	22	147	1	0	1	0	0	0	4	2	16	87	6	6	0	47	6	1	12254	0	1065	9	0	26	2	0	206	8	26
GPB:bin_000072	295945	610	6693	146490	0	237710	188428	146449	240983	253708	7324	2	222001	242613	0	197591	444914	403491	64038	18	197209	2	279530	234110	235819	260	173213	307982	54740	222971	199090	2	0	0	435547	233408	242298	82	212384	233206	194784	230819	218907	265576	146456	257009	0	20	263	113	2	74	3445	0	241	136	155	6	197	1	24	2	67	1148	4	143	0	9	170	57	6	5	0	83	38	172	22	112	0	307	157	0	170	0	105	132	7	5	0	0	212	204	26	39	88	0
GPB:bin_000073	28689	293	596	20201	8	24594	21527	24326	25523	25887	1500	2	18222	24482	0	20210	26127	25252	6292	62	19722	2	20966	24708	27341	265	25997	20870	6080	24894	23798	0	0	0	54220	26234	23814	31	24408	23891	29027	27470	28872	31994	27404	26730	2	20	39	14	0	9	372	0	13	55	141	2	40	2	0	0	14	126	8	29	0	1	52	1	12	5	0	4	25	75	14	14	18	119	93	0	188	0	70	68	1	12	0	0	73	115	0	117	20	0
GPB:bin_000074	92400	529	3084	81818	2	72070	66464	81514	71124	76374	5108	0	55947	64727	0	57613	71807	82627	23579	9	60030	2	55874	74478	90513	132	71042	82710	21425	73520	65313	0	2	0	177755	86231	84228	73	78621	83505	86079	84985	83931	90572	90739	84260	0	18	227	111	0	61	544	0	212	56	120	8	174	0	2	0	76	710	0	146	0	0	147	22	0	6	0	95	49	133	11	108	9	217	82	0	109	0	63	246	0	0	3	0	169	215	9	16	96	0
GPB:bin_000075	45755	2332	3397	18847	6	22275	24896	22513	28869	35279	2311	0	19523	11026	2	20390	34972	19935	5532	1	21249	2	23471	17864	38538	446	21703	29661	4312	25526	26890	2	0	0	61960	25023	28517	934	29580	31324	38650	21857	27577	39600	21480	28269	2	82	41	4	0	8	13	0	0	0	0	0	41	0	1	0	25	23	0	30	1	0	23	0	67	5	0	0	8	0	0	30	1	0	16	0	20	0	4	4	0	6	0	0	8	3	2	25	2	2
GPB:bin_000076	21759	75	110	12917	4	23846	6948	18992	16249	14015	315	0	16812	20492	0	27534	16988	7061	1039	2	10698	0	13217	15053	21119	2	26426	13421	2432	15273	8588	18	0	0	40177	17647	10674	17	18039	12069	12485	28106	28126	37055	18435	33123	0	0	0	0	0	0	67	0	0	0	0	0	0	0	0	0	0	79	0	0	0	0	4	0	0	0	0	0	0	0	0	9	2	0	4	0	1	0	0	6	0	0	0	0	13	0	0	0	2	0
GPB:bin_000077	196222	1907	3832	179138	0	173930	148147	167388	166220	174192	9553	15	130551	141762	0	139810	167872	171863	42915	62	131706	2	137798	151945	197862	340	182983	153620	37981	153321	147004	2	2	0	380125	191830	142380	115	165834	154837	194575	169253	180767	213653	177017	166896	0	13	95	21	3	32	1893	0	82	88	73	0	35	0	0	4	44	1547	2	71	0	4	196	14	10	9	0	26	88	87	30	47	328	204	158	0	57	0	52	340	16	11	0	0	979	272	4	168	620	2
GPB:bin_000078	11456	126	517	7123	0	8820	7927	9154	11060	10599	539	0	7643	13273	0	7978	11665	9511	2124	13	6902	0	9905	10186	12727	182	10893	8023	2402	8663	9567	0	0	0	31017	10894	9332	13	9205	10828	10907	10978	9710	11551	11835	9314	0	0	0	2	0	0	92	0	4	4	1	0	1	0	0	0	0	85	2	2	0	0	2	0	0	0	0	1	1	19	0	0	2	4	7	1	40	0	5	30	0	44	0	0	12	30	0	20	6	0
GPB:bin_000079	81	0	0	32	2	30	12	65	28	37	1	0	16	16	0	9	7	11	29	0	17	0	10	20	43	0	13	21	5	14	21	0	0	0	38	43	49	0	45	18	15	11	26	17	26	26	0	0	0	0	0	0	0	0	0	1	1	0	0	0	0	0	0	0	0	0	0	0	0	0	0	0	0	0	0	1	0	4	0	2	1	0	3	0	0	0	0	0	0	0	2	6	0	1	5	0
GPB:bin_000080	28003	195	1179	12625	0	17887	17986	15485	19345	21118	959	0	16453	19157	0	14642	19818	22661	3829	0	15030	0	13758	18001	24216	72	17832	14407	3741	15928	17048	18	0	0	29463	25452	18990	4	18794	16867	23049	27639	20055	26362	21802	19709	0	0	6	3	0	4	214	0	2	52	27	4	16	0	0	0	24	63	0	10	0	0	10	7	0	2	0	2	10	29	3	4	0	49	54	0	132	0	19	88	0	0	0	0	87	27	0	92	20	0
GPB:bin_000081	219544	1878	4004	209848	0	198134	164597	193628	188959	196796	11179	0	145522	161581	2	162785	192209	203414	48404	45	148597	9	153866	169200	223998	411	213259	181493	43659	176405	164561	6	0	0	441713	213529	160651	137	189758	173788	223514	185147	205914	245983	196980	186482	0	2	3	2	0	1	2034	0	0	1	2	0	0	0	0	0	0	1547	2	0	0	16	307	0	2	2	0	0	0	2	2	2	231	0	4	0	8	0	0	144	0	2	4	0	20	0	0	2	1	18
GPB:bin_000082	60806	439	4496	20261	2	25925	23238	31308	71104	57292	2361	1	37531	142039	0	43469	84454	34253	7208	1	19867	5	86322	54627	58661	721	98687	34291	9421	35969	50237	0	0	0	323425	49962	53183	55	33462	66482	27495	44504	34349	57227	75909	33039	0	0	10	0	0	7	549	0	15	5	6	1	15	0	8	0	0	125	1	36	0	3	19	1	0	2	0	2	4	9	6	9	62	28	26	0	63	0	13	188	0	12	0	0	68	14	0	82	6	0
GPB:bin_000083	175224	443	3367	95206	0	154207	140402	154248	178041	171008	13009	0	103400	126917	0	137908	197324	141216	40992	0	114030	5	106407	153301	193604	1853	149253	152762	43927	136574	171929	0	0	0	387666	199468	137548	73	166653	166460	212055	176002	229031	244972	171262	187524	0	14	30	0	0	11	452	0	14	2	0	0	0	0	0	0	1	815	0	0	0	2	58	1	9	0	0	0	1	0	6	24	0	8	2	0	3	0	0	6	0	0	50	0	5	0	0	13	2	6
GPB:bin_000084	310928	1180	2094	56254	30	60971	52400	147824	1346448	157757	3747	0	50820	53444	0	204772	68470	57208	16188	72	120977	8	51735	63081	75308	373	1047002	62816	17356	57048	63111	0	0	0	133052	79062	57613	111	61180	552785	77094	78357	171850	81935	76083	81091	0	10	9	2	0	2	969	0	3	12	25	0	5	24	2	2	15	421	2	9	0	6	153	0	10	0	0	5	0	13	1	38	11	21	36	0	28	0	24	270	0	0	2	0	21	3	0	39	36	6
GPB:bin_000085	107777	826	2182	54433	64	79900	73500	78252	84474	86093	4731	0	65190	68905	0	63072	86872	84211	21303	55	72307	5	69171	81396	94467	526	73423	71200	18906	75747	78950	4	0	0	166686	97450	76778	105	82254	76601	86454	99088	90390	100108	92964	85420	0	0	96	127	1	16	912	2	81	37	66	0	46	8	2	0	21	412	2	74	0	0	87	5	0	0	0	52	41	54	26	170	12	187	154	0	91	0	148	294	6	2	0	0	346	93	2	87	89	0
GPB:bin_000086	300922	2970	8985	269815	9	265687	253462	275307	268547	281731	16128	8	223796	278601	0	231486	288085	236621	80458	72	229076	6	269637	317036	307936	651	274692	253725	65717	249868	289985	8	0	0	640099	316063	269207	1161	272704	260420	326761	317314	311852	323091	338616	293140	0	74	53	59	0	6	5188	1	50	17	47	3	42	0	8	3	5	1348	0	23	0	1	239	6	0	2	0	6	9	37	20	41	20	76	94	0	77	0	112	116	0	1	3	0	56	33	0	92	32	2
GPB:bin_000087	92377	87	937	47472	0	79514	55051	103932	61326	88402	1723	0	82294	65504	0	51029	91994	77511	16185	10	79045	1	57744	71870	113103	262	86863	94667	19668	53650	73860	0	0	0	142461	74564	60959	49	81628	86248	117539	90919	95180	100778	86284	78236	0	2	10	7	0	6	415	0	14	9	1	0	3	16	0	0	0	226	0	5	0	2	2	2	8	1	0	5	2	20	8	32	14	16	29	0	0	0	20	54	2	0	0	0	12	3	4	21	8	0
GPB:bin_000088	57746	659	1128	35706	8	45655	39280	44222	47582	48723	2919	0	38202	38268	0	36228	47269	43604	11690	40	39640	2	38090	45973	53558	227	43686	38265	10071	42061	44475	0	0	0	94656	57689	41575	28	45276	41870	50832	53708	52359	56736	51329	50638	0	0	26	10	0	15	591	0	9	55	33	0	12	0	0	0	19	268	1	26	0	2	51	19	6	1	0	8	37	46	20	24	8	136	97	0	26	0	62	266	12	0	0	0	613	155	0	142	377	0
GPB:bin_000089	2031	0	86	2337	0	1702	1409	1684	1597	1797	144	0	1265	1401	0	1650	1645	1518	480	0	1526	0	1638	1459	1689	94	1900	1476	303	1721	1890	0	0	0	3985	1749	1674	6	1707	2134	2002	1892	1765	3044	1668	1457	0	0	3	2	0	0	2	0	3	6	2	1	4	0	0	0	0	16	0	8	0	0	12	0	2	7	0	0	2	0	9	0	0	11	24	0	9	0	4	0	0	0	0	0	21	3	0	88	4	0
GPB:bin_000090	85484	255	786	59984	4	70267	48498	82068	69157	67793	10739	0	42276	44708	0	56907	90645	72795	18562	15	71099	6	84599	71578	79180	130	52144	36644	19542	55078	65602	0	0	0	123265	66093	58773	36	73452	52831	42955	62580	76256	108223	69160	60888	10	0	106	26	1	13	170	0	222	231	62	0	24	0	2	0	25	211	0	28	0	0	27	28	0	40	0	14	45	53	22	85	16	204	148	0	84	0	42	260	16	3	0	0	1322	228	4	181	458	0
GPB:bin_000091	10064	30	104	17062	0	15783	15568	22150	24676	19200	2029	0	9827	23759	0	13988	15122	26322	3207	2	11936	0	32369	13992	18303	6	12512	30816	3278	20284	18673	0	0	0	45865	10790	24556	0	6969	16168	15641	24558	23370	30020	31201	12437	0	0	2	0	0	0	4842	0	0	1	0	0	2	0	0	0	0	78	0	0	0	0	17	0	1	0	0	0	0	1	0	0	0	2	2	0	3	0	1	1	0	0	0	0	4	4	0	4	1	6
GPB:bin_000092	378548	1493	5510	182430	4	311815	258323	292720	310310	317517	27915	0	247546	279014	0	254095	342905	333624	65266	57	242282	8	253416	326244	443465	245	361456	310722	77833	283987	332272	0	4	0	694251	311620	224345	518	392689	327076	363242	400107	341757	428678	322259	345915	0	13	93	5	0	48	13095	0	2	22	8	0	4	0	10	2	2	4843	0	1	0	8	137	17	2	16	0	1	5	8	2	23	4	16	15	0	35	0	30	416	14	90	0	0	25	7	0	30	11	6
GPB:bin_000093	54	0	0	45	0	9	13	54	25	29	0	0	15	29	0	22	12	24	31	0	16	0	12	33	28	0	18	21	8	3	18	0	0	0	35	38	20	0	41	21	14	37	28	27	29	24	0	0	0	0	0	0	0	0	7	4	4	0	6	0	0	0	0	0	0	2	0	0	3	0	0	0	0	0	0	15	0	0	0	15	18	0	15	0	0	1	0	0	0	0	2	1	0	0	1	0
GPB:bin_000094	7651	60	116	7832	0	6866	6452	7369	6611	7595	473	0	4795	6227	0	6264	7752	7235	1890	4	5347	0	6613	7175	7326	42	7566	5274	1456	6315	7017	0	0	0	14268	6992	7075	23	7664	6190	7049	7089	7093	9604	7338	7235	0	0	8	2	0	6	36	0	11	4	26	0	24	0	0	0	5	64	0	9	0	2	6	6	0	7	0	0	8	24	7	6	7	42	41	0	38	0	23	35	1	0	0	0	40	15	2	62	22	0
GPB:bin_000095	291104	19809	1879	146319	16	269986	225830	251616	238860	251155	5664	0	131413	255589	0	270236	289281	322864	59500	23	174310	4	193443	243363	307958	405	259368	139278	47659	189043	322549	0	0	0	522118	231890	218781	90	229956	213221	311300	348824	265601	255291	174866	336134	0	5	9	3	0	0	786	0	10	29	5	0	2	0	0	1	17	1102	0	52	0	6	101	12	15	2	0	12	8	24	17	23	0	30	38	0	27	0	62	447	8	46	2	0	275	34	0	48	114	0
GPB:bin_000096	916771	22017	6066	281067	12	513050	411578	387107	503029	668606	20470	0	597040	157604	0	272089	325623	336975	99005	110	582291	7	145526	404486	862209	2304	453015	327051	52259	452043	522283	8	0	0	402999	1212076	407684	131	466897	400450	471008	905890	727315	726510	584326	758729	10	16	321	89	2	28	10633	0	194	73	93	2	125	0	2	0	37	2468	1	821	2	11	184	5	3	727	0	54	116	164	10	354	69	401	157	2	270	6	345	6345	226	2	2	0	410	288	7	83	76	0
GPB:bin_000097	653871	2749	10494	293767	16	551861	571208	609547	578308	567737	38099	0	439269	534040	0	456357	545402	540974	140878	701	500974	104	492938	515405	570425	1666	472148	443151	141539	526443	526746	48	0	0	1108495	594870	546001	142	657571	531439	580613	563637	603741	735092	591186	510274	0	17	230	231	18	95	3569	0	237	136	294	2	165	0	0	13	36	1250	12	206	0	10	972	40	0	1	0	104	74	188	45	165	729	369	230	0	275	0	4005	7770	12	108	4	0	1968	230	14	191	145	0
GPB:bin_000098	1604014	21936	33931	994103	121	1424476	1115834	1278457	1422687	1521442	69865	9	1166125	1164768	0	999505	1602426	1705567	409863	1552	1101228	30	1300701	1433754	1790760	10464	1134158	1297022	344779	1179687	1398398	14	10	0	3007870	1336423	1320341	1550	1235106	1088470	1679280	1441259	1405477	1498980	1361698	1759797	2	13	81	54	3	8	12222	0	14	17	7	0	5	15	3	14	169	4572	4	25	0	37	356	3	86	9	0	6	6	4	5	162	6	222	51	0	49	0	17	174	10	6	14	0	50	10	0	7	7	14
GPB:bin_000099	247495	1268	4587	176890	36	210340	182452	210910	210389	218582	7440	0	120174	212053	0	138464	211304	193701	68868	39	163925	4	151799	221386	199176	7175	221326	182906	52446	203938	199648	10	2	0	426899	205308	208128	220	192428	199323	219677	196336	227021	274971	197030	212862	0	6	224	140	0	116	3561	0	325	112	224	0	203	0	8	2	74	1262	0	96	2	7	289	16	1	8	2	108	59	272	20	176	25	347	177	0	303	6	210	319	8	0	2	2	507	314	11	306	168	0
GPB:bin_000100	461408	901	27662	287399	16	449736	908501	376062	445733	441351	22933	3	318748	427857	0	367382	357459	398082	70746	54	321122	6	422188	314129	524068	403	393901	432782	312317	279196	522504	6	0	0	1717771	380740	541148	485	513275	374856	408095	442792	422482	439151	418589	446576	0	35	633	8	0	64	4359	0	0	17	20	0	21	0	1	4	179	957	1	0	0	20	503	25	56	6	0	5	74	0	4	5	18	185	55	0	414	2	12	402	2	35	2	0	76	6	0	19332	25	8
GPB:bin_000101	277313	810	3012	365104	3	244220	246092	336266	246929	266640	33580	0	232716	259136	0	242774	263449	256970	126976	7	234563	14	259083	304775	352585	251	283289	268150	66873	259845	246652	10	0	0	651324	380700	348374	428	348837	315497	304648	300301	345594	514142	385965	319671	0	0	130	63	8	174	1641	0	102	161	193	0	162	2	0	4	326	5199	0	214	0	4	154	53	33	11	0	15	100	426	51	116	3	459	427	0	875	0	206	13233	23	9	7	0	1161	309	2	627	634	16
GPB:bin_000102	3736	20	124	3836	0	3179	4054	3793	3311	3746	222	0	2246	3143	0	2960	3427	3230	1026	0	2690	0	3178	3483	3823	16	3600	2871	674	3045	3283	0	0	0	6988	3468	3450	0	3871	3113	3387	3424	3440	4425	3502	3552	0	1	54	27	0	25	44	14	26	84	31	14	73	0	0	0	39	77	0	46	0	0	16	24	3	0	0	10	71	64	35	20	6	223	132	0	65	0	49	258	16	0	0	0	1178	256	0	224	721	0
GPB:bin_000103	36679	378	581	21844	0	31597	25405	31317	31792	32848	1821	0	22287	27432	0	25083	32341	31481	8393	2	23752	0	26793	30515	33622	213	33363	25203	6946	29585	29013	0	0	0	74231	31869	27823	52	31402	30309	36711	32553	34295	40292	33116	32320	0	0	2	7	0	4	429	0	24	43	24	6	1	0	0	0	4	170	0	19	0	4	135	0	0	0	0	0	0	1	0	8	2	42	42	0	59	0	10	21	0	2	1	0	46	49	0	52	14	0
GPB:bin_000104	62453	79	2001	26438	0	56394	50948	43704	50154	52724	1235	0	50090	42465	0	31849	43035	26773	7829	10	29973	0	16693	24395	71635	8	31802	35623	10080	57960	41101	30	0	0	118510	74072	35413	0	57553	35808	73744	35880	86444	63364	59856	33623	10	1	211	94	0	19	2	0	116	120	139	0	127	0	0	0	35	76	0	142	0	3	119	19	4	2	0	85	78	82	12	57	6	199	175	0	179	0	70	65	4	4	0	0	293	146	6	72	110	0
GPB:bin_000105	71161	738	2323	29036	12	46208	46157	44236	50034	52590	3102	0	41698	36995	0	37340	51222	51572	12349	7	42458	3	37457	46719	59305	154	44125	38313	9965	43353	46329	6	2	0	83530	66810	45282	30	50140	43814	54396	67165	55344	66007	57969	52270	0	4	18	93	0	7	461	0	16	84	40	1	18	1	0	0	8	241	0	17	0	0	14	19	0	5	0	0	25	26	34	29	2	129	161	0	169	0	89	192	3	2	0	0	148	48	0	175	39	0
GPB:bin_000106	167882	922	5976	146895	10	133080	118778	149746	141036	138036	8628	0	99146	119226	0	109036	136284	156080	40873	44	109347	0	104227	133360	149626	260	142835	148419	38151	134128	114127	0	2	0	332226	147279	148939	183	141091	149124	154137	141086	152802	164241	157746	150103	0	12	6	0	2	0	1061	0	14	21	22	0	2	0	4	0	8	1005	0	23	0	6	78	44	0	1	0	4	4	2	0	15	32	14	15	0	1	0	0	331	0	4	0	0	16	2	0	12	1	0
GPB:bin_000107	6311	94	110	8440	0	5815	5117	6762	5594	6195	263	0	4066	5309	0	6005	5799	5501	1826	2	4539	0	5693	6001	5524	49	6743	4706	1077	5655	6456	0	0	0	11551	6051	6546	2	6875	6011	6075	5778	6108	9253	6595	5774	0	4	2	4	0	0	22	0	7	7	3	0	1	0	0	0	1	116	0	3	0	0	8	1	0	1	0	0	2	4	2	2	0	13	13	0	21	0	6	0	0	0	0	0	16	6	0	31	8	0
GPB:bin_000108	3462	52	68	2876	6	2954	2764	3010	2713	2960	195	0	2103	2930	0	2477	3140	3050	679	0	2342	0	3138	2899	3362	21	2930	2609	694	2916	2830	0	0	0	6692	3290	2877	2	2967	2993	3214	3157	3058	4082	2996	3060	0	0	0	11	0	2	109	0	8	21	23	2	10	0	0	0	1	39	0	8	0	0	12	1	0	8	0	0	8	16	4	7	0	36	54	0	96	0	9	15	2	0	0	0	25	35	0	83	12	0
GPB:bin_000109	12511	0	0	1567	0	6416	4243	7363	7050	6197	194	0	2996	9858	0	2308	5253	4219	2866	0	6943	0	588	4048	1871	0	2260	1160	1408	1043	3380	0	0	0	26786	6926	4398	0	3136	1045	6011	4929	7295	5208	2332	3532	0	0	3	1	0	0	0	0	0	0	5	0	6	0	0	0	0	0	0	3	0	2	8	0	0	2	0	0	1	4	0	0	0	6	8	0	3	0	5	0	4	0	0	0	1	4	0	2	2	0
GPB:bin_000110	400293	874	11033	235632	0	571102	396317	458155	367673	527388	28859	8	288725	208963	4	346113	403000	537818	68895	18	425319	27	472650	478961	476358	3309	489649	465578	118922	391825	363192	6	14	0	1220045	371258	255205	2086	550785	312367	836019	575540	340764	448167	464277	396752	0	15	29	8	0	2	4237	1	24	0	86	0	4	8	0	0	19	2047	0	13	0	12	249	68	0	2	0	0	1	12	1	0	113	4	36	0	0	0	8	133	4	0	5	0	14	8	3	4	11	10
GPB:bin_000111	214160	885	2162	168685	6	227321	242617	188479	251794	223365	14759	0	197024	234949	0	215088	198685	198995	58412	240	163874	6	269187	265582	283182	4032	165672	216391	56867	181459	198961	10	54	0	481755	204090	262287	111	242056	259094	242789	261473	263099	417166	291790	269499	0	0	23	0	1	0	6321	0	2	4	12	0	1	0	2	2	2	3130	4	41	0	10	132	0	0	0	0	0	19	4	4	46	6	6	7	0	21	0	89	239	0	0	4	0	87	4	5	32	18	2
GPB:bin_000112	10998	24	169	7031	2	9107	8181	8831	8969	9545	466	0	6640	8819	2	6560	9409	8965	2540	24	7547	2	7578	9732	9610	119	9002	8176	2303	8611	9397	0	0	0	18446	10430	8833	48	9210	8278	9784	9399	10059	12314	9842	9682	0	0	2	6	0	1	243	0	4	12	25	0	10	0	0	0	2	52	0	16	0	0	21	2	0	0	0	0	8	17	2	4	0	52	21	2	62	1	13	45	0	0	0	0	34	19	0	70	9	0
GPB:bin_000113	87456	781	1435	52507	10	190405	68046	54584	58128	65498	3037	1	42870	49359	0	42574	74034	67469	28257	25	43990	1	58063	62498	63367	352	65730	78958	18727	52661	65202	0	0	0	151697	73823	59883	294	59649	70402	76819	69819	65588	91735	62763	59257	0	4	25	8	1	12	896	0	27	45	55	0	21	2	16	0	24	259	0	25	0	6	23	24	18	4	6	3	26	35	16	17	30	109	58	2	19	0	59	367	6	0	0	0	598	126	0	85	334	0
GPB:bin_000114	25738	247	636	17628	8	21207	29860	21375	21476	22739	1404	12	16464	19548	0	16910	21669	21104	5300	10	17598	4	19295	22004	26330	102	20730	17738	5159	20589	20831	0	0	0	48744	24518	19146	42	20965	19838	23812	23852	23508	26720	24682	22341	0	0	38	21	0	2	255	0	13	9	6	0	3	0	0	0	0	95	0	15	0	0	21	40	0	4	4	2	1	13	4	3	62	7	10	0	6	0	20	40	0	0	1	0	55	14	0	26	4	2
GPB:bin_000115	105492	537	2727	78573	4	80494	68895	93233	84792	84040	4098	1	62705	81436	0	70395	83885	78775	17989	15	59995	2	71644	67355	99470	936	82037	68199	20982	76749	71041	0	0	0	181504	87282	77613	193	75297	76950	99194	91319	90370	95622	78742	84589	0	0	67	26	0	1	993	0	17	9	4	0	1	0	0	0	6	745	0	18	0	0	68	15	1	0	0	1	11	2	2	26	34	12	27	2	50	0	16	111	2	0	0	0	75	11	0	44	14	0
GPB:bin_000116	17	0	0	41	0	19	11	16	16	15	1	0	8	8	0	6	9	17	16	0	10	0	12	12	7	0	0	0	9	6	8	0	0	0	33	21	15	0	18	11	22	13	3	15	24	10	0	0	2	0	0	0	0	0	0	1	0	0	0	0	0	0	0	0	0	0	0	0	31	0	0	0	0	20	0	2	0	3	0	0	0	0	1	0	0	0	0	0	0	0	35	1	0	1	1	0
GPB:bin_000117	76826	462	2451	60561	1	57783	46353	71316	58798	59635	2701	0	44863	60875	0	51587	59203	54035	12711	34	42912	2	50596	45853	74250	792	57556	48229	15574	54507	49511	0	0	0	127028	63325	55407	128	51131	56372	73900	65681	65873	67408	52777	58601	0	2	23	6	0	4	671	0	21	8	21	3	13	0	0	0	10	687	0	13	0	2	24	12	0	0	0	20	3	22	12	9	16	22	24	0	20	0	11	103	2	0	0	0	38	20	4	9	14	0
GPB:bin_000118	59745	115	11761	105264	0	95352	55645	83205	65735	90065	9736	0	62427	72929	0	30828	79280	92591	14706	0	106493	3	93208	62483	89294	24	111212	68544	16541	54711	76375	6	0	0	163788	105078	70326	30	78606	35579	64593	83304	67133	135765	66948	83383	0	0	52	21	0	13	424	0	68	68	88	1	32	7	0	2	18	363	0	61	0	4	12	17	6	2	0	8	46	84	23	10	0	151	167	0	67	0	46	225	22	34	2	0	852	230	1	125	497	0
GPB:bin_000119	10900	74	118	3897	0	8421	7487	9330	8879	9705	509	0	6163	7635	0	8084	9594	8389	2433	6	6856	2	7706	9022	9003	38	8876	6731	1787	9201	8809	0	0	0	19477	10077	8542	0	9343	8274	8704	8874	10023	11418	9883	8992	0	1	2	0	0	0	71	2	14	1	1	0	0	0	0	0	0	60	0	3	0	0	23	0	0	0	0	0	0	10	0	5	0	1	21	1	2	0	0	39	2	6	0	0	39	0	0	2	0	0
GPB:bin_000120	3046	11	34	1393	0	2248	3353	2207	2317	2578	237	0	1995	1803	0	1769	2424	1846	471	3	1926	1	1444	2337	3045	43	2508	1591	469	2513	2142	0	0	0	5116	3744	1895	2	2156	2121	2514	2751	2909	3134	3206	2602	0	0	22	0	2	0	125	0	7	3	0	0	7	0	0	0	1	5	0	10	0	0	0	23	0	0	0	0	2	5	2	12	13	1	13	1	14	0	7	1	0	0	0	0	4	0	0	16	4	0
GPB:bin_000121	516172	3405	29386	445558	7	446169	393957	472552	457825	394080	49749	0	283536	420186	0	314703	440712	484171	121137	33	363147	12	415259	308065	435770	1477	378499	420362	96779	406920	465035	0	0	0	932072	518601	341205	232	483196	460195	517358	407460	458919	589848	592618	455906	0	2	260	160	1	101	3933	0	270	58	143	6	176	0	0	2	77	1072	0	265	0	14	221	6	2	37	0	94	62	263	23	98	16	349	142	0	162	2	135	516	79	4	2	0	190	292	24	79	124	10
GPB:bin_000122	32648	186	822	15339	0	23352	23958	22154	25999	25872	1348	0	18689	23894	0	19168	27346	28023	5783	8	20920	2	22082	24542	28317	130	21760	21521	5956	22486	23402	0	0	0	48898	27666	23531	38	23899	24116	25925	31774	25206	28649	27461	25921	0	0	150	91	2	44	284	0	98	81	33	1	94	0	0	1	30	171	0	68	2	0	61	6	0	0	0	38	55	88	8	62	0	112	165	0	84	0	66	75	0	0	0	0	173	105	3	41	50	0
GPB:bin_000123	16539	197	225	14723	5	21384	15882	18470	15625	19185	788	0	17483	14905	0	11934	25174	19217	4025	5	11572	0	13363	24867	14037	59	12687	14826	4187	17767	13026	0	0	0	66909	18950	14751	20	18619	11651	22488	21360	28363	26732	12044	17451	0	0	2	0	0	0	148	0	0	16	7	0	0	0	0	0	0	91	0	0	0	0	0	0	2	5	0	1	0	0	0	8	4	0	3	0	0	0	0	56	0	0	0	0	21	1	0	0	5	0
GPB:bin_000124	17139	9	273	7987	0	9136	10341	9258	13714	12398	653	0	6712	8995	0	9082	10482	11259	7053	0	10623	0	7135	10144	10241	28	8212	8958	2096	8407	8772	2	0	0	21883	11103	10482	2	11246	11344	10952	13672	12553	13637	13584	9312	0	0	107	112	0	21	112	0	105	123	93	0	89	59	0	0	29	66	0	80	0	0	194	35	7	0	0	67	78	48	4	71	0	343	303	0	139	0	75	68	12	24	0	0	93	63	0	91	143	0
GPB:bin_000125	185532	1344	4795	120571	0	135784	139210	137495	95517	110799	3938	0	91154	79668	0	106888	105468	128784	19887	0	89815	1	142375	98154	166696	36	108107	53482	29744	109967	115808	5	0	0	324528	124098	102853	46	101420	129868	202902	114813	152701	188854	165822	165732	0	0	2	1	0	0	6427	0	1	1	0	0	0	0	0	0	0	556	0	7	0	5	433	0	7	9	0	0	3	3	0	0	56	14	5	0	2	0	10	77	0	2	0	0	4	1	0	10	1	0
GPB:bin_000126	30086	273	632	24298	0	25038	23299	24435	24438	24779	1386	0	19696	20635	0	19832	23137	25234	7077	1	20219	0	20349	23106	30215	66	23888	22342	6208	23892	21728	0	0	0	54640	29202	25991	44	24590	25445	28592	28329	27184	31959	28949	26796	0	0	55	9	0	21	174	0	47	13	28	2	15	0	0	0	20	237	0	28	0	2	44	1	2	4	0	11	5	10	4	21	26	38	43	0	15	0	15	195	0	2	0	0	18	30	3	5	15	0
GPB:bin_000127	4502	39	51	2863	0	3857	3125	3708	3739	3729	195	0	2592	3622	0	2626	3545	3708	1067	12	2929	1	3303	3658	3811	16	3243	2865	994	3420	3131	0	0	0	7990	3426	3469	0	3327	3310	4388	4176	3841	4356	3443	3568	0	0	6	0	0	0	24	0	6	0	4	0	3	0	0	0	7	0	0	4	0	0	1	6	3	1	0	0	1	2	0	1	0	11	7	0	21	0	5	9	0	0	0	0	12	3	0	26	6	0
GPB:bin_000128	2550647	8665	42433	1164212	38	2193384	1823892	2488949	2299140	2259887	152696	2	1737608	2144995	0	1814650	2232204	2212042	524147	3456	1988877	53	2017796	2023171	2240177	6783	1968946	1853337	587707	2123971	2113612	86	0	0	4530208	2253066	2146207	611	2677945	2175902	2343610	2169466	2537225	2917361	2371041	2049132	4	39	119	82	0	30	13513	0	96	59	101	9	69	1	0	21	53	4183	11	192	0	45	2690	57	19	1	0	34	36	113	28	428	221	172	176	0	337	7	17536	29032	46	132	4	0	7718	74	0	119	67	26
GPB:bin_000129	335	16	60	246	0	289	335	324	325	372	33	0	291	381	3	202	351	435	71	5	356	0	425	337	400	0	339	391	66	430	378	27	1	0	860	356	373	10	444	459	417	567	426	548	490	417	0	4	615	369	0	154	123	0	773	901	1151	21	798	51	1	5	143	662	0	785	22	0	518	209	119	117	6	184	503	1116	175	659	2	2261	2287	0	4089	2	927	456	42	40	6	0	2308	1517	6	3899	1198	21
GPB:bin_000130	59473	252	1185	25276	2	30934	23307	31035	44273	31405	6455	0	41147	25655	0	45249	45201	31200	12727	9	24103	2	40935	41429	61283	136	42133	29782	5925	23694	34316	0	0	0	225855	55304	58506	30	45841	29519	25517	47460	33554	46192	40685	46530	0	0	20	3	0	7	612	0	8	23	25	0	8	0	0	0	0	171	0	19	0	0	102	6	4	47	0	0	3	8	3	13	13	48	60	0	104	0	111	114	9	0	0	0	42	17	0	159	14	0
GPB:bin_000131	4217923	54319	100587	1626958	64	2608796	2365188	2427090	2611511	2807686	170567	2	2704018	1442122	0	1657052	2417825	2422841	639524	584	2679174	50	1788398	2408638	3698208	10884	2294990	1995101	428725	2431043	2720255	76	10	0	3629849	4625364	2132161	650	2748410	2101712	2649593	4198626	3639275	3623172	3368362	3200688	0	54	37	95	28	269	37309	1	226	90	124	3	90	3	8	91	68	10481	12	63	0	61	690	56	4	24	0	14	17	42	2846	741	8	161	189	2	120	56	61	10617	26	0	22	0	248	68	2	126	23	4
GPB:bin_000132	8868	52	137	11778	0	7750	7651	10136	7794	9247	620	0	5628	7979	0	8895	9454	8109	2917	6	6707	0	8310	9560	8124	50	9339	6165	1436	7646	8412	0	0	0	16895	8395	9318	12	9705	8001	7733	8145	7994	12765	9720	8946	0	0	0	6	0	4	89	0	9	9	28	0	3	1	0	0	0	82	0	4	0	0	22	3	0	0	0	6	2	15	2	4	0	24	21	0	42	0	28	8	0	0	0	0	29	7	0	69	12	1
GPB:bin_000133	13338	72	203	10446	0	11620	9421	11791	11472	12751	594	0	9184	11496	0	9008	12341	11429	3063	0	9744	0	9965	12613	13496	19	11884	11139	2726	10221	12087	0	0	0	26121	12232	10674	13	11584	10680	13786	12614	13040	13694	13681	12531	0	2	3	0	0	0	117	0	0	2	0	0	1	0	0	0	0	36	0	18	0	2	2	2	1	2	1	0	1	0	0	70	0	2	3	0	0	0	3	16	0	0	0	0	3	1	0	3	0	0
GPB:bin_000134	24257	246	405	17565	0	20566	19088	19469	17934	18957	1227	4	14318	16615	0	15711	19130	18901	5915	29	14021	2	22320	17418	24295	68	18225	15862	4788	19478	17143	0	0	0	46584	20496	18666	51	20521	20409	22863	21949	21324	26714	20838	19703	0	2	2	1	0	2	248	0	1	3	2	0	0	0	0	0	3	122	0	0	0	0	6	0	0	0	0	0	0	2	0	0	289	3	0	2	6	0	3	122	0	2	0	0	7	1	0	15	1	0
GPB:bin_000135	45456	567	948	20551	10	30224	29816	30126	32772	34596	1916	0	26226	22845	0	24990	32443	34390	7957	18	29625	6	28024	31475	38535	132	27043	27162	6785	31504	29733	2	2	0	60974	41669	30622	15	32190	28411	32117	44733	37555	41003	36606	33912	0	0	145	174	0	114	303	1	71	253	396	10	182	5	0	0	34	318	0	245	8	0	169	40	13	30	0	21	158	203	91	156	8	699	762	0	1540	0	353	115	15	0	0	0	570	579	0	1522	161	0
GPB:bin_000136	53769	575	967	29736	20	40472	39660	41278	43116	43321	2648	0	32483	39067	0	30287	44098	45405	11652	16	35407	2	37767	43629	46613	369	37878	35921	9542	39303	39349	0	0	0	85559	47456	39811	45	39897	41031	45729	51889	42906	49244	45762	43824	0	0	9	22	0	10	533	0	28	33	36	0	32	0	0	0	1	203	0	36	0	0	13	5	0	0	2	16	20	29	7	74	2	48	34	0	75	0	15	83	4	0	0	0	133	14	0	36	14	0
GPB:bin_000137	460	2	6	151	2	191	440	241	284	240	12	0	215	200	0	364	267	287	144	0	311	0	223	265	243	0	175	362	64	192	176	0	0	0	490	315	359	0	337	285	248	682	426	484	416	428	0	0	40	12	0	30	0	0	60	67	36	18	30	0	0	0	28	74	0	122	0	0	1	6	7	0	0	30	19	54	9	56	0	115	39	0	46	0	40	37	7	0	0	0	57	32	0	88	35	0
GPB:bin_000138	13039	158	193	7200	0	10263	9484	8918	10347	11711	712	0	7935	8574	0	8391	10541	9607	2588	6	8593	0	7747	9644	11526	68	10223	8310	2056	9647	9834	0	0	0	19895	12982	9807	6	9894	9515	11067	11120	11659	12858	10843	10815	0	2	54	10	0	21	247	0	43	105	50	2	46	0	0	0	26	127	8	45	0	0	54	26	5	0	2	12	77	67	28	45	0	179	166	2	148	0	52	244	20	0	0	0	1015	245	0	209	503	0
GPB:bin_000139	13613	63	146	8598	11	11427	10498	11114	10846	11519	516	0	9264	9430	0	8525	10950	11175	2400	13	9610	0	8726	10434	13671	29	10529	9834	2536	11059	10245	0	0	0	22614	13649	10019	2	10804	10776	12603	12552	12221	14735	12423	11466	0	0	27	5	0	0	374	0	1	1	27	0	3	0	0	0	4	42	0	1	0	0	4	0	0	2	0	0	2	1	1	0	0	17	18	0	11	0	3	73	0	0	0	0	4	9	0	13	3	0
GPB:bin_000140	68368	118	190	21015	0	53939	32573	58459	46234	52693	3717	0	30152	44609	10	29249	54578	54464	7269	34	47653	4	48218	40667	43851	4482	39161	31503	6125	38585	27374	0	0	0	82890	60990	27088	30	46256	59012	75062	49181	51201	60557	40738	49128	0	3	13	13	0	2	92	0	25	7	6	3	20	0	0	0	1	82	0	6	0	0	114	2	0	0	1	13	6	22	2	8	21	27	16	0	6	0	24	217	2	0	0	0	20	14	0	10	11	0
GPB:bin_000141	13264	63	204	7808	2	10528	9285	9851	10318	11089	583	0	8051	8710	0	7731	12114	11886	2536	1	9010	0	9447	10473	12727	32	9214	9116	2469	10022	10458	0	0	0	23507	12073	9597	2	10720	10347	9497	11744	11292	12504	11592	11579	0	0	3	9	0	2	115	0	9	11	58	0	8	0	0	0	4	122	0	13	0	0	51	4	7	3	0	4	4	16	7	16	0	52	53	0	75	0	23	11	0	0	0	0	28	29	0	51	12	0
GPB:bin_000142	51831	232	1725	42686	8	34786	32389	41450	44172	41947	2568	0	33206	37333	0	28325	41780	46783	10935	0	33331	2	31057	39373	46318	101	30750	38796	9770	41419	36967	8	0	0	73823	40839	47928	57	40052	32044	38322	33241	43744	63560	44235	42256	0	0	0	1	0	0	259	0	6	1	0	0	8	0	0	0	9	231	0	0	0	0	20	0	0	8	1	0	1	0	0	10	14	21	6	0	3	0	1	79	0	0	0	0	1	0	0	16	0	0
GPB:bin_000143	196	2	9	51	0	69	244	117	112	110	21	0	98	73	0	149	136	100	105	0	145	0	97	113	136	0	84	188	15	72	62	0	0	0	180	189	232	0	135	88	91	351	206	200	252	134	0	0	2	0	0	0	0	0	0	3	0	0	0	0	0	0	0	0	0	0	0	0	0	0	0	0	0	0	0	0	0	0	0	0	1	0	0	0	0	0	0	0	0	0	0	0	0	2	1	0
GPB:bin_000144	599	0	1	957	0	620	573	842	712	837	35	0	431	779	0	801	835	671	272	0	521	0	653	818	450	0	654	463	112	583	699	0	0	0	1565	609	865	0	845	604	726	586	684	1040	782	756	0	0	8	7	0	3	0	0	17	14	21	0	3	0	0	0	4	451	0	2	0	0	5	0	0	0	0	1	5	14	1	10	0	50	32	0	77	0	41	7	0	0	0	0	34	21	0	72	25	0
GPB:bin_000145	67471	312	1608	34879	18	84639	69071	98219	106010	98315	4407	26	55944	85158	30	71231	68248	96029	22122	15	72590	7	87019	83451	105172	63	68676	70712	20099	100560	71768	40	4	10	191172	111529	79734	28	93325	116752	128395	87870	120637	122897	115539	83675	23	25	1046745	43227	24	35893	2597	25	134741	824697	535942	9820	821822	5833	60	12	72256	140345	5	134772	55	191	78003	156625	10194	806	82	89472	253646	84008	40057	168804	164	266376	524229	38	195130	2775	208902	1087673	64065	187	975	5	1258037	197548	6	1752436	970001	1130
GPB:bin_000146	804724	8623	7661	310429	6	517433	410141	345947	485341	598827	26194	12	610898	166669	0	281583	352317	321783	82955	38	481855	10	100946	402511	886219	8730	415065	342491	57188	478042	482019	29	0	0	426238	1202319	434399	171	458308	341449	538461	908909	722524	793780	726712	736061	3	14	77	11	2	9	35675	0	30	122	87	0	13	0	0	2	60	4239	2	38	0	12	61	8	20	7	0	4	36	61	24	46	4	138	124	0	119	18	50	284	9	0	0	0	663	224	0	198	460	26
GPB:bin_000147	22425	270	272	21597	0	22398	17676	22120	20726	21623	1320	0	15433	18877	0	16916	21578	23000	5706	0	16174	0	17905	20284	24978	44	22375	18633	4977	20516	19317	0	0	0	51015	22373	20619	14	21588	19650	25327	21297	22974	27634	22219	22091	0	5	13	7	0	6	68	0	43	60	53	13	20	0	0	0	1	241	0	13	0	0	18	24	0	21	0	14	23	67	12	16	10	91	213	0	340	0	53	138	1	0	1	0	190	76	0	276	28	0
GPB:bin_000148	41321	426	856	29081	8	34211	32761	32815	34271	34536	1836	0	25516	30370	0	27919	34124	35358	9815	14	26978	5	36233	33970	40110	198	35566	28886	8243	33555	30862	0	0	0	78792	35335	33466	73	34704	35921	39281	37332	36712	44689	36181	34506	0	2	3	0	0	0	457	0	2	2	0	0	17	0	0	0	13	260	0	2	0	0	14	0	4	10	0	0	3	3	0	16	118	1	7	4	5	0	11	224	2	10	0	0	23	3	0	2	1	0
GPB:bin_000149	4	0	0	19	0	12	1318	4	5	3	0	0	4	2	0	4	4	1	0	0	0	0	5	5	198	0	0	3	2	1	5	0	0	0	6	3	6	0	2	8	3	3	2	0	5	6	0	0	0	0	0	0	0	0	0	0	0	0	0	0	0	0	0	0	0	0	0	0	0	0	0	0	0	1	0	4	0	0	0	1	6	0	0	0	0	0	0	0	0	0	4	0	0	3	1	0
GPB:bin_000150	1177401	1381	16635	632818	4	945087	776662	761564	815371	986056	48892	0	613386	833267	0	601882	1256952	1253484	257402	43	891654	27	909279	857176	1176707	935	682224	841912	241571	927686	904501	24	4	0	2138948	879273	778288	267	1011453	885544	649280	937088	957097	883324	995489	1025860	0	8	134	255	3	183	13243	0	49	160	75	0	46	0	0	4	11	5288	6	24	0	25	169	11	3	1	0	10	22	56	25	32	18	220	170	0	271	0	103	105	20	12	2	0	347	115	2	463	71	24
GPB:bin_000151	26817	154	305	15705	2	19575	17088	18828	19576	20696	1164	0	15968	15059	1	14574	21467	21962	5194	0	16999	0	16493	19544	20659	92	18353	16871	5126	15768	19795	0	2	0	38748	24814	18378	45	20666	16372	19518	24562	20265	26927	20233	25294	0	9	20	9	0	15	191	0	18	23	29	0	21	0	0	0	3	72	0	53	0	2	15	7	2	10	2	7	5	23	4	32	0	30	26	0	16	4	29	41	12	2	0	0	60	16	4	7	17	0
GPB:bin_000152	46623	422	997	30127	5	37610	34565	38329	40221	39872	2276	0	30009	33082	0	29865	39125	38066	9953	13	31109	2	33160	36956	46215	210	38813	32396	9064	35784	37019	0	0	0	81700	43427	36541	68	37852	35622	42495	43369	41821	47024	43052	40899	0	0	70	34	0	15	504	0	103	74	136	4	74	2	3	0	38	268	0	110	0	2	62	41	6	14	0	19	65	144	26	62	52	219	221	0	267	0	148	459	10	0	4	0	661	208	2	332	358	0
GPB:bin_000153	27035	203	505	13850	6	19845	18527	19546	20979	21641	1176	0	16214	17262	0	15306	24048	22103	5443	10	18021	1	17910	19797	23684	37	18000	17823	4396	18856	19803	0	0	0	40008	24255	18497	20	20714	18353	19669	24471	21946	22556	21417	21150	0	0	23	3	0	2	190	0	12	21	29	2	18	2	0	0	3	104	0	8	0	0	8	5	0	0	0	2	11	29	4	5	2	57	33	0	82	0	25	51	0	20	0	0	121	44	0	89	13	0
GPB:bin_000154	20545	315	462	13303	8	16438	15596	17563	19357	18271	1169	0	15217	16630	0	13891	18038	16463	3978	10	14288	0	15144	17728	19441	58	17640	14709	4595	16103	17393	0	0	0	37456	19508	17135	25	17410	17503	19838	20065	21971	21475	22613	25698	0	16	0	12	5	0	234	0	1	1	1	0	0	0	2	1	2	79	0	0	0	0	5	0	0	2	0	0	0	1	0	1	2	1	3	0	2	0	31	85	1	0	0	0	45	1	0	13	3	0
GPB:bin_000155	12405	134	307	9519	0	10676	9484	10988	10429	10997	832	0	7946	9496	0	9374	10677	10804	2446	4	8349	0	8808	9915	11785	42	11347	10349	2749	10243	9702	0	0	0	24520	11857	9245	7	10881	9759	12219	11415	11334	13075	11795	10295	0	1	0	0	2	0	94	0	0	10	1	0	2	0	0	0	1	59	0	6	0	2	4	0	0	17	0	0	2	2	0	1	8	0	1	0	0	0	2	44	6	2	0	0	5	2	0	2	1	0
GPB:bin_000156	24637	300	698	16523	28	20855	19476	22198	23474	22435	1194	0	15741	20163	0	16958	22023	21161	4798	22	16381	2	18351	19482	24041	109	23036	17639	5256	20900	18789	0	1	0	48913	22216	20269	38	21178	20524	25478	23255	24628	26044	24466	21092	2	3	23	1	0	0	284	0	21	31	12	0	11	0	0	0	16	129	0	20	0	0	48	5	0	3	0	5	9	4	1	20	53	46	54	0	39	0	34	286	0	34	0	0	84	15	0	47	13	0
GPB:bin_000157	42053	160	137	41563	45	38404	39831	52634	31841	46947	13262	27	26915	50483	134	51585	43832	55992	15070	69	33402	5	48199	48091	50133	80	35235	43377	15796	33823	42803	109	20	22	93947	67504	38755	155	41179	55776	57022	44293	51106	51178	64307	40459	38	43	2763	21360	144	669	181	145	395	177	146	247	482	134	108	32	196	1516	126	383	124	27	346	10186	248	206	162	425	15278	5579	880	14033	83	14830	9218	126	9570	95	4781	65108	3142	146	564	175	1952	9135	188	1249	27493	145
GPB:bin_000158	87598	955	2068	66590	6	74522	67886	73886	73129	76809	4350	2	61556	68448	0	57830	72494	74532	20563	129	59101	2	66539	74875	88775	327	73685	65402	19181	70515	70767	6	0	0	173701	82089	71500	233	74853	70775	90689	87322	82429	95872	82019	79797	0	8	55	28	0	16	936	0	25	22	53	0	17	0	0	0	19	442	0	23	0	3	41	11	2	6	0	5	10	28	6	21	13	74	42	0	32	0	35	214	4	8	0	0	56	30	0	155	13	0
GPB:bin_000159	119352	292	2325	63524	0	107258	97036	108080	123363	118372	9453	2	72101	86847	2	95291	134873	98421	28632	0	80376	6	75180	106983	135218	1441	103640	105660	30382	93465	121688	4	0	0	265807	137260	96842	65	118142	115228	149010	122736	159847	170911	120367	131786	0	30	18	0	0	0	264	0	0	0	0	8	1	0	0	2	3	588	0	0	0	4	47	1	11	3	0	0	0	0	0	8	0	4	0	0	0	0	14	5	0	0	24	0	11	0	0	0	0	6
GPB:bin_000160	22756	357	515	11297	0	16332	16804	18935	16265	17930	895	0	15045	11591	0	11923	17917	18331	5153	2	14155	0	16706	18677	18201	69	14872	12808	4301	17770	14608	0	0	0	35023	24550	16622	48	16986	16870	18957	22532	18482	21524	17298	19253	0	24	22	3	0	8	90	0	13	70	46	1	19	2	0	0	6	115	0	22	2	0	26	16	2	8	0	1	26	73	8	36	0	130	106	0	181	0	81	94	5	0	0	0	141	64	0	218	41	0
GPB:bin_000161	413009	4220	4973	325848	2484	364177	296024	365261	338606	326872	25555	0	319922	341460	0	282157	360281	335853	74022	33	285303	9	342654	351346	442977	157	464667	357725	78802	462127	408303	0	6	0	906884	386806	305968	134	397661	374604	418632	399780	346812	535609	382634	390213	0	11	39	1	0	2	15819	0	30	13	22	0	10	0	0	6	33	2689	1	207	0	9	229	10	0	13	0	2	732	19	7	83	0	37	126	2	155	0	11	121	4	7	0	0	46	44	0	75	15	0
GPB:bin_000162	7241	63	118	3320	4	5398	5428	5337	6206	5638	262	0	4502	4487	0	4612	6054	5522	1408	0	5519	0	4541	5233	6795	8	5127	4545	1125	5136	5273	0	0	0	11574	6972	5349	0	5549	5497	5266	7280	6154	6625	6369	5382	0	0	43	22	0	9	91	0	16	28	13	0	3	0	0	0	5	64	0	28	0	0	5	0	1	0	0	2	9	2	1	17	2	40	12	0	20	0	12	86	12	0	0	0	20	23	0	5	17	0
GPB:bin_000163	52281	33	261	77234	0	68717	60637	67157	68447	60901	553	0	30159	65046	2	26402	73464	64782	10073	4	42833	3	60517	67448	64654	18	74570	76252	9072	65497	47288	0	0	0	132258	85799	54631	2	69145	78633	48873	89429	57133	56132	56172	73143	0	12	0	0	22	1	3287	0	12	6	11	0	4	0	0	2	2	529	0	0	0	2	1	68	0	1	1	1	7	18	9	2	0	12	18	0	40	0	25	22	0	0	0	0	47	35	0	68	3	0
GPB:bin_000164	24405	187	725	29139	0	20510	18611	22399	22752	23562	1860	0	16290	20074	0	20087	23277	20383	6773	18	18304	2	19539	21372	19657	328	21611	16675	3895	20799	23827	2	0	0	47371	23859	23471	30	25336	22617	24910	21353	25720	38788	21466	19540	0	0	0	0	0	0	333	0	1	2	6	0	1	0	0	0	1	201	0	2	0	0	52	0	0	0	0	0	0	0	0	24	10	9	9	0	26	0	1	5	4	0	0	0	77	5	0	13	40	0
GPB:bin_000165	12495	103	246	13250	0	10480	10316	12686	10728	12389	794	0	7331	10034	0	10798	12198	11074	3348	8	8948	0	10645	12302	10922	78	11053	8605	2168	9883	11298	0	0	0	22427	11017	11895	7	13006	10558	10755	11178	11647	16466	12561	11394	0	1	402	146	0	65	173	0	217	614	507	0	257	26	0	0	230	274	0	387	0	0	86	136	35	0	0	19	389	361	156	208	0	1062	907	0	351	0	328	1793	118	0	2	0	6958	1787	0	1097	4077	0
GPB:bin_000166	9160	37	149	12480	0	8319	8430	10935	8173	9883	461	0	6095	8467	0	9797	10175	8460	2492	2	7251	0	8626	9619	8475	70	10299	6671	1679	8353	9209	0	0	0	18657	8890	9965	15	10726	8832	7883	8554	9001	13340	9976	10124	0	0	0	1	0	2	129	0	0	3	8	0	2	0	0	2	0	53	0	4	0	0	12	2	0	2	0	0	2	15	0	0	0	8	16	0	49	2	7	4	2	0	0	0	1	6	0	16	5	1
GPB:bin_000167	13494	140	378	10976	0	14017	17451	13997	16858	15423	1075	0	9385	11185	2	7222	12891	11593	2972	5	7813	0	11397	12126	14750	10	13131	14321	5897	8967	18861	0	0	0	50267	13973	14612	0	11687	14401	16760	10401	19225	24911	26161	12871	0	0	2	0	0	0	183	0	0	4	4	0	0	0	0	0	0	37	0	0	0	0	6	0	0	0	0	0	0	0	2	0	32	2	5	2	8	0	13	38	0	0	0	0	26	0	0	41	0	0
GPB:bin_000168	12134	13	145	2448	0	15761	8679	23125	9931	12726	359	0	8575	7510	0	11545	6716	13278	2994	5	13755	0	10081	7228	5781	6	16860	12254	1979	9436	11732	0	0	0	55498	10966	7861	0	21116	7927	13490	14001	14782	9805	16358	14678	0	0	111	110	0	51	55	0	265	349	807	11	318	36	0	0	53	160	1	299	0	2	231	156	8	66	0	117	284	525	77	120	32	1136	970	0	1926	3	500	169	12	0	0	0	715	711	0	1881	436	0
GPB:bin_000169	220701	721	5541	96082	6	137954	130020	147085	134977	183015	9014	0	139553	120703	0	174700	264027	153931	47057	23	161389	6	206831	204696	217069	291	130942	212135	44210	162003	194720	0	2	0	298573	162707	151636	44	225621	201467	163499	281915	141887	177229	165657	219949	0	1	37	59	0	18	4272	0	8	46	14	1	29	0	0	0	16	326	0	25	6	4	35	0	0	20	0	17	10	29	9	220	1	79	62	0	43	12	44	93	2	0	1	0	119	29	0	38	32	0
GPB:bin_000170	110	0	0	64	2	68	60	124	49	56	1	0	81	97	0	55	63	57	83	0	70	0	10	81	53	0	59	51	18	21	43	0	0	0	440	125	63	0	108	81	50	78	102	54	106	88	0	0	1	0	0	0	0	0	0	0	8	0	0	0	0	0	0	2	0	0	0	0	0	24	0	1	0	0	0	1	0	0	0	1	0	0	0	0	0	6	0	0	0	0	2	0	0	0	1	0
GPB:bin_000171	27	2	3	101	10	4	39	77	2	5	2	0	0	25	6	2	3	0	0	45	9	4	0	18	16	10	28	1	0	24	12	14	0	0	17	1	1	2	0	2	2	0	38	2	4	26	2	57	79	4	8	31	13	0	0	30	17	0	26	18	0	0	52	7	0	8	3	2	33	37	53	80	12	1	8	40	5	121	6	36	24	0	34	1	6	18	0	57	0	0	0	1	14	29	20	0
GPB:bin_000172	59645	692	1105	39643	2	48104	46328	44442	43214	45122	2633	0	36604	40188	0	37718	44732	45199	14075	4	34065	2	67191	44310	53370	129	48575	37688	11265	48044	40830	0	0	0	104164	50748	42665	174	51323	49588	52426	51230	49335	68367	48160	46022	0	0	56	22	0	4	549	0	53	12	37	2	32	0	0	4	15	319	0	21	0	0	51	15	1	1	0	17	27	39	4	23	324	71	48	0	32	0	29	238	4	48	0	0	30	45	8	16	21	0
GPB:bin_000173	2212	30	12	1870	0	1839	1929	1944	2004	2211	63	0	1654	1671	6	1638	2141	1700	593	0	1734	0	1593	1871	2477	25	1966	2044	454	2015	1620	0	0	0	4594	2440	1815	0	1988	1759	2247	2161	2440	2573	2132	2094	0	4	28	0	0	0	11	0	0	13	7	0	20	0	0	0	2	0	0	1	0	0	2	1	0	0	2	0	28	1	2	0	2	25	34	0	46	0	5	14	1	0	0	0	18	9	0	39	8	0
GPB:bin_000174	40594	412	967	20234	4	26979	29674	26464	31382	30129	2026	0	24190	22990	0	22734	30037	29213	7558	3	25891	2	23825	28681	35959	128	25906	25902	6197	26383	28321	4	0	0	55593	37375	27490	36	28562	26308	30523	41626	32493	36829	34772	31718	0	0	179	138	0	28	347	0	115	63	105	0	93	1	0	2	81	225	0	105	1	1	73	28	6	1	0	65	53	137	28	76	10	223	133	0	114	0	72	238	18	3	0	0	621	217	6	162	351	0
GPB:bin_000175	277	11	11	339	3	1628	5790	4242	167	1449	34	4	122	2370	6	129	252	207	108	89	142	0	138	204	261	16	2659	187	57	4288	1227	14	8	0	547	237	221	4	228	189	171	312	5059	296	239	5796	19	123	145	11	6	31	29	0	2	24	19	0	74	10	3	0	73	48	0	24	17	0	44	24	139	31	3	36	5	35	5	21154	33	36	28	0	144	33	14	3259	0	66	2	0	24	36	5	153	44	20
GPB:bin_000176	17847	164	360	9617	2	14745	12695	14979	14468	15497	850	0	11864	12036	0	10649	15164	15411	3824	12	12796	1	12887	14004	15986	46	12541	12829	3711	14262	13375	0	0	0	31910	16728	13251	12	15468	14025	14049	15377	15545	16862	16031	14145	0	0	6	1	4	3	173	0	5	11	6	0	3	0	0	0	1	41	0	2	0	0	15	0	1	26	0	0	3	7	4	3	0	21	15	0	35	0	33	128	7	0	0	0	39	16	0	27	5	0
GPB:bin_000177	635112	7529	13332	453201	68	555332	461495	533112	547097	583265	33485	4	395209	475109	0	410765	524091	553704	164300	1327	410285	15	516620	586966	591265	5742	520090	480316	136013	502890	484265	14	0	0	1243632	533601	492429	680	512498	490191	708038	640437	589968	671607	568872	559529	0	1	0	2	0	2	5845	0	6	1	12	0	5	8	4	4	106	2717	0	12	0	15	334	0	0	2	0	0	6	7	5	86	0	5	9	0	22	1	8	29	0	2	3	0	19	5	0	11	2	4
GPB:bin_000178	2469	103	29	1530	2	1871	1961	2200	2105	1926	138	0	1357	1960	0	1782	2162	2021	711	8	1482	0	1839	2771	2209	19	2280	1375	444	1570	1925	0	18	0	4251	1933	1942	0	1947	1590	2026	2454	2024	2292	1901	2151	0	0	124	80	0	22	50	0	169	15	96	0	49	0	0	0	29	104	0	137	0	0	102	6	10	0	2	16	137	107	2	7	4	76	55	0	5	0	38	47	10	0	0	0	53	120	29	3	154	0
GPB:bin_000179	4763	60	110	2869	0	3912	3037	4191	4654	4050	251	0	2650	3229	0	3374	4169	4282	1195	11	3029	0	3156	3712	3922	4	4203	3283	945	3937	3674	0	0	0	8302	4594	3984	18	4125	3910	4184	4071	4160	4805	4034	3803	0	0	0	4	0	0	26	0	2	20	57	0	15	0	0	0	0	15	0	13	0	0	12	1	0	2	0	0	0	17	1	29	0	6	80	0	76	0	45	8	1	0	0	0	47	46	0	80	23	0
GPB:bin_000180	891494	11168	18251	627047	110	771318	637750	749045	762560	812920	40886	4	557117	663201	0	567726	738799	780019	228057	1270	578497	10	718475	816790	831571	7854	721670	664711	189632	701525	683448	18	16	0	1701125	749417	684741	1003	719749	671910	987658	895405	824779	933468	787876	795755	0	15	20	3	1	0	7701	0	3	12	13	0	1	0	2	6	68	3301	1	16	0	19	331	96	0	8	0	2	2	2	12	159	18	77	91	0	13	0	64	222	6	8	0	0	117	15	0	52	18	6
GPB:bin_000181	269839	806	3105	254805	4	256021	207683	241846	229252	246757	13120	2	166831	196484	0	204200	235125	226580	61654	32	209890	12	204532	331657	172228	6822	205859	200159	70339	231935	233819	0	0	0	816692	211039	194139	137	182490	222653	283577	159209	351473	341617	227193	255461	0	0	235	18	2	173	3291	0	82	13	10	0	6	0	0	0	1	1273	1	41	0	5	474	0	50	16	2	3	1	7	5	24	15	22	88	0	232	0	5224	181	37	2	2	0	19	6	0	11	4	4
GPB:bin_000182	95939	791	1353	80531	4	103387	89967	113544	98968	102231	3869	1	69699	91045	0	82781	98138	81875	21806	53	71793	2	92591	103525	142691	189	106995	75727	24252	129941	89294	6	0	0	178325	114139	155120	54	108045	83753	141596	155366	125933	112268	164633	100222	0	10	37	15	2	16	612	0	29	21	42	0	39	0	0	0	24	609	0	55	0	3	115	48	4	3	0	12	76	60	15	46	8	133	91	0	39	0	51	397	19	4	2	0	653	146	1	141	335	0
GPB:bin_000183	985	14	8	801	0	603	650	794	655	582	75	0	677	516	0	774	677	526	168	0	401	0	609	682	1007	0	1015	999	216	898	697	0	0	0	1926	1069	545	11	821	668	1058	990	879	1033	691	650	0	1	0	0	0	1	4	0	0	0	0	0	0	0	0	0	0	10	0	0	0	0	0	0	0	0	1	0	0	0	0	0	0	1	0	0	0	0	1	0	0	0	0	0	2	0	0	0	1	0
GPB:bin_000184	3058	29	72	2447	0	2381	2272	2569	2322	2659	160	0	1957	2263	0	2013	2813	2416	669	0	1934	0	2269	2424	2731	25	2582	2072	549	2292	2328	0	0	0	5432	2939	2286	7	2733	2121	2983	2711	2791	3249	2858	2754	0	0	91	61	0	26	44	0	46	10	71	8	27	1	2	1	20	39	0	29	0	0	42	14	0	0	0	38	12	92	9	35	0	124	57	0	101	0	26	17	0	0	0	0	52	65	12	60	35	0
GPB:bin_000185	5093	23	151	4130	0	4949	3774	4733	4575	4644	259	0	3241	4378	0	3700	4758	5079	1293	0	3315	0	4122	4372	5025	12	4949	3929	1218	4892	4154	0	0	0	11399	4800	4537	4	4729	4580	5472	5240	5003	5689	4871	4787	0	0	0	1	0	0	74	0	2	8	2	0	2	0	0	0	0	36	0	0	0	0	0	0	0	0	0	0	1	4	0	0	0	10	8	0	5	0	6	0	0	0	0	0	0	16	0	10	17	0
GPB:bin_000186	113314	7449	3285	56620	0	92320	57775	110125	95183	87849	5277	0	50157	67342	0	70040	85707	67248	12687	18	70849	5	82511	78903	85977	104	88554	76189	19564	44048	71013	0	0	0	224458	101154	87192	28	82259	73421	129624	59592	97869	89989	91121	107769	0	10	2	3	0	3	118	0	9	25	3	0	2	0	0	2	4	131	1	3	0	4	292	0	5	44	0	0	2	1	0	4	96	1	20	0	6	0	9	4	2	0	0	0	34	29	0	13	27	0
GPB:bin_000187	30654	88	551	16555	0	23171	26370	18076	21201	21820	856	0	17568	22229	0	16603	25352	32631	6360	0	28651	2	23950	14126	26538	11	15155	30735	5448	27809	15474	0	0	0	49655	29304	37086	12	20178	27506	29049	34483	23366	24033	24118	23753	0	0	0	0	0	0	95	0	0	0	0	0	0	0	0	0	0	207	0	0	0	0	10	0	0	0	0	0	0	0	0	0	4	0	0	0	0	0	0	28	0	0	0	0	3	0	0	0	0	0
TG1_21:bin_000001	751	16	6	262	0	496	377	504	530	573	46	0	408	391	0	450	617	416	190	0	475	0	315	538	541	0	524	255	87	488	522	0	0	0	1036	826	563	0	584	489	614	596	632	778	597	548	0	0	0	0	0	0	0	0	0	0	0	0	0	0	0	0	0	0	0	0	0	0	0	0	0	0	0	0	0	0	0	0	0	0	6	0	0	0	0	0	1	0	0	0	1	0	0	0	4	0
TG1_21:bin_000012	706	6	19	247	0	366	806	320	532	472	9	0	314	336	0	285	489	577	78	0	369	0	338	463	429	0	401	406	100	356	406	0	0	0	591	440	454	0	451	408	396	478	352	427	435	443	0	0	0	10	0	0	0	0	0	0	0	0	0	0	0	0	0	4	0	0	0	0	0	0	0	0	0	0	0	0	0	0	0	0	0	0	0	0	0	0	0	0	0	0	0	0	0	0	0	0
TG1_21:bin_000022	125823	828	589	83717	0	104027	46335	102638	97641	135134	1209	0	81591	55181	12	89636	92876	115685	5603	0	85346	4	133626	109379	80837	28	48644	60800	23350	105286	62271	0	0	0	234479	98172	87153	10	89010	59423	110320	120432	105083	161039	62990	59658	0	4	2	0	0	0	297	0	0	2	0	0	0	0	0	3	2	731	0	0	0	0	6	0	0	0	0	0	0	0	8	0	0	0	0	0	0	0	4	2	0	0	0	0	8	0	0	0	0	16
TG1_21:bin_000035	15907	138	242	9867	6	12323	20818	11376	12652	13868	572	0	10673	10904	0	8965	11020	13462	2647	20	9521	6	9210	13526	13578	90	11296	9941	2923	10273	12005	0	0	0	24542	17318	11700	10	12593	10997	13303	15169	13572	16263	12660	14327	0	0	29	6	0	1	120	0	0	8	0	0	4	0	0	0	0	90	0	41	0	0	2	0	10	42	0	0	0	0	0	16	2	4	0	0	0	0	45	70	10	0	0	0	1	0	0	0	0	0
TG1_28:bin_000007	505	16	22	326	0	331	324	305	287	355	18	0	291	143	0	190	289	288	144	0	296	0	182	286	587	0	272	193	54	283	354	0	0	0	497	512	272	0	291	172	360	538	398	441	355	370	0	0	0	0	0	0	6	0	0	0	0	0	0	0	0	0	0	0	0	0	0	0	0	0	0	0	0	0	0	0	2	0	0	0	0	0	0	0	0	8	0	0	0	0	0	0	0	0	0	0
TG1:bin_000020	69	0	13	35	0	135	659	117	135	171	2	0	87	134	4	112	82	158	7	0	110	0	115	149	257	0	132	121	31	151	100	0	0	0	362	120	77	0	160	150	205	179	194	378	116	115	70	0	2204	85	0	59	12	0	197	1981	794	23	1362	36	0	0	120	389	0	604	0	0	197	257	1	0	4	196	517	51	90	295	0	320	1428	20	663	22	384	2437	157	0	5	0	3879	244	0	3557	1859	8
TG1:bin_000032	33	0	0	13	0	12	15	19	38	29	0	0	11	18	0	19	27	10	5	0	25	0	28	15	28	0	9	56	2	38	19	0	0	0	23	8	23	0	16	48	20	15	23	11	15	14	0	0	0	0	0	2	0	0	47	98	48	0	56	0	0	0	0	0	0	2	0	0	0	0	0	0	0	0	22	12	2	0	0	70	85	0	32	0	58	20	0	0	0	0	69	78	0	69	0	0
TG1:bin_000047	20105	132	6822	4456	0	18647	15873	22059	28690	24113	2745	0	16206	23677	0	6911	27544	23684	3815	0	32461	0	24025	15838	17557	0	10030	12936	2709	17407	23111	0	0	0	18023	13298	13403	0	22411	27805	15370	23081	15364	14361	23677	18295	0	0	18597	21557	0	1729	4741	0	54790	100569	118747	8968	74493	1033	0	0	3419	41160	0	20893	14	0	13817	9246	149	8843	0	5583	10382	46784	17124	13970	0	194294	182325	0	200505	0	115840	18555	4900	0	98	0	96691	103206	0	150583	41749	0
TG2_21:bin_000001	15570	10	33	11350	0	11055	8074	19000	12227	10164	128	0	10890	14032	0	4385	13468	15391	2320	0	9837	0	10100	16681	8793	14	12146	8372	3795	6626	12912	0	0	0	26923	5933	11218	0	17627	16546	5211	9042	6464	11916	10310	10187	0	0	0	0	1	0	62	0	0	0	0	0	0	0	0	0	2	16	0	0	0	0	0	0	0	0	0	0	0	0	0	28	0	18	0	0	0	0	0	0	0	0	0	0	0	0	0	0	0	0
TG2_21:bin_000003	11093	100	809	5844	8	9075	8953	8951	8557	9280	835	0	7369	8210	0	5553	8919	10941	2421	0	8109	0	8760	9820	13396	36	10451	9846	2733	13344	8889	0	0	0	27914	12166	10958	0	13306	12680	14405	19150	15515	15389	11975	13273	0	0	38492	1701	0	1063	226	0	3454	30922	8042	489	17226	388	0	0	3414	5662	0	11705	0	4	3081	1001	522	6	0	1772	4677	2993	2939	7324	14	9031	27978	0	18944	155	7764	39021	2076	0	75	0	127198	11054	4	47558	63046	297
TG2_21:bin_000011	140	0	10	97	0	141	123	179	131	138	1	0	82	142	0	69	130	63	3	0	97	0	119	122	207	0	148	175	26	144	68	0	0	0	392	202	198	0	106	154	250	152	143	206	159	139	0	0	767	24	0	72	0	0	139	608	262	0	590	9	0	0	96	153	0	153	0	0	77	144	25	0	0	57	260	198	46	233	0	422	567	0	795	8	200	927	57	0	0	0	2575	624	0	1598	1518	0
TG2_35:bin_000003	33449	493	1924	22660	2	35679	55134	33642	27969	34427	1534	0	21547	30239	0	26846	38685	30002	5254	59	21562	10	26196	25452	36820	27	29727	24687	12467	30310	37361	9	0	0	101921	28882	41961	9	35928	31472	35577	37179	38394	37163	49474	30821	0	0	33	35	1	4	546	0	38	10	24	2	37	0	0	0	8	218	0	13	0	1	49	8	0	10	0	11	2	119	93	15	1877	49	20	0	24	0	8	438	0	18	0	0	85	30	14	139	34	0
TG2:bin_000055	5124	63	95	1808	5	3706	3720	5218	5057	4550	338	0	2646	4142	0	3527	4229	3764	1326	0	4555	0	4393	4580	5464	1	4137	3258	1112	5144	4406	0	0	10	9936	5710	6557	0	5493	5860	6977	5671	5996	7333	6211	4742	0	0	9723	1280	4	872	61	0	3346	10523	6889	243	7309	350	0	0	4243	3201	0	5391	0	6	1663	1535	1053	0	0	1104	5877	5353	1995	4184	0	14323	13042	0	7712	92	5578	29560	2064	20	65	0	95572	20386	4	23635	54424	19
TG2:bin_000059	4043	37	52	1803	2	2542	2528	2426	3018	3533	153	0	2812	2355	0	2561	3539	3717	764	0	3143	0	2772	3306	3001	18	2473	2467	852	3171	2736	0	0	0	4967	4140	2935	0	3240	2540	2640	4033	3291	4084	3393	3555	2	0	0	0	0	0	34	0	0	0	34	0	0	0	0	0	0	34	0	0	0	0	0	0	0	0	0	0	0	0	0	0	0	8	2	0	0	0	0	2	0	0	0	0	0	0	0	0	0	0
TG3_07:bin_000023	3125	54	62	961	0	1887	1811	1929	2304	2147	123	0	1643	1646	0	1494	2494	1837	727	0	1962	0	1817	2227	2131	6	1660	1576	404	1927	2197	0	0	0	4089	2648	2080	0	2077	2070	2132	2516	2385	2589	2426	2288	0	0	0	0	0	0	8	0	0	0	0	0	0	0	0	0	0	8	0	0	0	0	0	0	0	0	0	0	0	0	0	0	0	0	0	0	0	0	1	5	0	0	0	0	0	0	0	0	0	0
TG3_14:bin_000007	2967	44	31	826	0	2028	6218	2552	3239	3423	135	0	3980	2276	0	3893	2561	3029	731	0	2109	0	2090	4765	3018	2	2247	2546	649	5122	2450	0	0	0	6254	7827	3198	0	3955	3265	2802	9081	4156	4673	3388	3594	12	0	189	0	0	191	39	0	10	16	8	0	32	0	0	0	0	21	0	38	0	0	30	0	0	0	0	0	0	0	6	406	0	39	47	0	8	0	18	45	2	0	0	0	157	0	0	31	19	0
TG3_28:bin_000041	40283	218	935	27314	0	35013	21114	44465	43457	36462	816	0	22714	32024	0	19528	41172	52671	5091	6	51731	1	23137	67020	40292	192	43455	29111	5139	15562	88834	0	0	0	85414	56530	34946	8	23661	17545	69240	37006	34813	34796	56871	44844	0	0	0	0	0	0	124	0	0	22	0	0	0	0	0	0	0	48	0	0	0	0	52	0	0	0	0	0	0	0	2	2	0	0	0	0	0	0	0	18	0	0	0	0	21	0	0	0	0	0
TG3_28:bin_000042	51399	484	1534	18696	0	30845	31113	27689	32821	34959	1945	0	30828	22335	0	23114	32879	33425	8214	2	29933	3	23902	31288	43238	71	28789	24669	5894	28717	31253	0	0	0	46814	49918	28739	22	32110	28271	36103	47220	38483	43582	39915	35344	0	0	0	0	0	0	356	0	0	46	0	0	0	0	0	2	0	172	0	0	0	2	6	0	0	0	0	0	0	0	8	22	0	0	0	0	0	10	0	133	0	0	0	0	38	0	0	0	0	0
TG3_35:bin_000025	780	6	16	534	6	623	534	537	609	499	57	0	394	551	0	437	537	547	147	0	543	0	487	609	702	0	629	570	125	697	554	0	0	0	1590	627	462	0	631	524	673	475	613	806	554	700	0	0	0	0	0	0	6	0	0	0	0	0	0	0	0	0	0	0	0	0	0	0	0	0	0	0	0	0	0	0	0	0	0	0	0	0	0	0	0	0	0	0	0	0	0	0	0	0	0	0
TG3:bin_000050	5727	122	121	2472	0	4076	8291	3092	3751	4586	241	0	3683	2223	0	2358	3525	3580	967	0	3914	0	2256	3095	5541	18	3477	3099	622	3334	3916	0	0	0	5718	6727	3234	0	3790	3306	3627	5482	4753	5060	4338	4870	0	10	0	0	0	0	98	0	0	0	0	0	0	0	0	0	0	10	0	0	0	0	0	0	0	0	0	0	0	0	0	0	0	0	0	0	0	0	0	6	0	0	0	0	0	0	0	0	0	0
TG4_14:bin_000026	14234	189	370	6847	4	9914	10525	9728	10673	11597	589	0	8833	8643	0	7738	10997	10620	2437	22	11109	0	7822	10367	13257	52	9104	8246	2193	10041	9908	0	0	0	19600	14217	10610	0	10611	9332	11626	12960	12261	13894	12155	11828	0	0	0	0	0	0	59	0	0	8	0	0	0	0	0	0	0	30	0	0	0	0	28	0	0	0	0	0	0	0	0	0	0	20	2	0	5	0	2	24	0	0	0	0	16	0	0	0	1	0
TG4_21:bin_000016	1841	10	32	1929	0	1599	1422	2051	1749	2017	89	0	1158	1544	0	1676	1964	1795	533	0	1358	0	1696	1973	1471	3	1796	1270	357	1560	1763	0	0	0	3573	2278	1748	0	2062	1638	1705	2131	1933	2419	2174	1906	0	0	0	0	0	0	28	0	0	0	0	0	0	0	0	0	0	14	0	0	0	0	0	0	0	0	0	0	0	0	0	0	0	0	0	0	0	0	0	0	0	0	0	0	0	0	0	0	0	0
TG4_21:bin_000043	44598	467	2742	19204	10	32196	28544	27735	30174	31489	1874	0	28722	21844	0	20469	27373	28234	6989	2	27479	1	20483	29331	43665	148	29051	22811	5114	27439	29921	0	0	0	45009	46031	27251	15	29986	25308	31956	43956	35649	39383	38463	36580	0	0	0	1	0	0	388	0	0	14	0	0	0	0	0	0	0	132	0	0	0	0	26	0	0	0	0	4	0	0	14	20	0	0	18	0	2	0	10	99	4	0	0	0	32	0	0	14	0	0
TG4_35:bin_000014	11969	4	127	4791	0	5155	5475	4829	9104	7069	466	0	3658	4953	0	4621	5625	6460	6210	0	6514	0	3467	5800	4381	75	3162	4463	1036	3930	4652	0	0	0	11431	5837	6237	10	6743	7572	6541	8297	7400	7835	7758	3741	0	0	16	34	0	0	127	0	50	0	0	0	0	2	0	0	4	28	0	0	0	0	37	0	0	0	0	0	0	0	0	0	0	134	102	0	0	0	0	0	0	0	0	0	0	0	0	0	0	0
TG4:bin_000055	4594	112	60	1601	0	2492	2778	2925	3183	3162	148	0	2464	2000	0	2017	3055	3262	1046	0	3191	0	2165	3031	3386	8	2350	2316	648	2784	2867	0	0	0	4597	4248	2847	0	3213	2787	2974	3774	3428	3972	3541	3160	0	0	0	0	0	0	0	0	0	0	0	0	0	0	0	0	0	14	0	0	0	0	0	0	0	0	0	0	0	0	0	0	0	57	0	0	0	0	0	8	0	0	0	0	0	0	0	0	0	0
TG5_14:bin_000008	174	14	19	116	0	184	123	226	273	180	10	0	170	212	24	144	173	177	50	0	104	0	134	134	253	0	219	702	55	264	1662	0	0	0	521	286	237	0	221	308	276	246	276	307	316	249	0	0	131	47	0	6	14	0	128	221	232	0	128	15	0	0	168	107	0	311	0	0	50	88	23	0	0	52	256	231	75	96	0	661	609	0	1033	0	160	716	44	0	5	0	3699	777	0	706	2494	16
TG5_14:bin_000027	227519	391	1513	170326	6	152738	188854	121257	163690	122890	7971	0	120984	78850	0	113591	149867	162421	38135	0	128101	16	124688	137206	228166	173	140073	93692	29092	140625	140902	2	0	0	386998	212477	139878	1446	140155	109016	179400	245116	122528	191457	178993	177733	2	4	0	0	0	0	5747	0	0	0	32	0	0	0	0	0	3	420	0	0	0	7	64	22	0	0	0	0	0	0	0	2	110	1	0	0	0	0	0	102	4	0	0	0	0	1	0	36	0	0
TG5_21:bin_000003	470010	118	11953	62208	2	71657	544930	99374	294863	157649	2725	0	121220	100339	22	376154	158431	82162	71021	32	241438	7	68041	95770	165362	46	40123	328727	28296	81134	112831	0	0	0	210902	168079	300927	40	144372	123309	36422	839298	165582	236789	352777	66877	14	11	2096	8213	0	42	416	0	167	21	34	1	7	19	0	1	695	621	0	49	0	2	61	16	27	0	0	1	34	14	2	624	6	68	134	0	18	4	19	58	4	5	2	0	469	1	0	207	72	2
TG5_21:bin_000007	78864	60	458	72211	0	83428	46393	88758	75169	77330	5203	0	55394	61932	0	70346	51457	62882	12425	8	37171	4	54704	66423	48923	17	71076	53868	16004	57149	81394	0	0	0	87148	72482	51392	12	59468	55315	52450	57103	74401	106060	82638	63901	0	0	0	0	0	0	48	0	0	0	20	0	0	0	0	2	0	190	0	0	0	7	0	22	0	0	0	0	0	0	2	124	0	0	0	0	0	0	0	0	0	0	0	0	0	0	0	0	0	0
TG5_28:bin_000004	1486283	12006	21987	478994	55	1020958	1015024	1532601	1438312	1261867	128197	7	655726	1145077	5	925808	1219495	1022460	417698	203	1244663	77	1172200	1284714	1429893	486	1217298	935591	343794	1356000	1229830	46	16	0	2782746	1579248	1976740	170	1600409	1599377	1952902	1529986	1651325	2027894	1713178	1243187	0	35	1511001	334755	7	163829	15180	10	780842	1858626	1507748	44513	986726	72442	1	30	1149016	743842	14	1440405	0	985	261923	324191	245513	2488	0	192871	1189144	1137363	564108	891378	428	3500502	3215231	32	1354958	17682	1174451	6685206	530919	57	11325	0	25664260	5783730	0	3890569	13375399	7722
TG5_28:bin_000015	38195	70	127	19461	0	17390	8623	21326	28063	22083	170	0	11507	18772	0	14524	8470	24379	17824	8	20739	0	15449	30264	19641	20	26894	18589	9694	19863	18326	0	0	0	64179	22658	18637	0	22730	18772	33814	10562	40255	24528	19771	23761	0	0	1453	24	0	0	72	0	3210	2282	0	0	0	0	0	2	0	34	0	0	0	0	0	284	0	0	0	0	18	0	0	395	0	24	4	0	58	0	78	545	2	0	0	0	10387	0	0	0	0	0
TG5_35:bin_000001	2458944	27842	59635	955969	17	1870963	2008631	2105103	1788027	1907253	115069	8	1495424	1881895	14	1172762	2192968	2600917	530976	194	1666987	53	1904674	2132038	2528460	9215	1962007	2098516	565504	2783874	1990824	52	18	0	5330187	2722894	2403564	348	2870044	2558437	2320039	4454096	3251638	3561588	2650594	2891653	40	66	114898	2026	22	7244	61653	0	4954	25989	7141	3568	10226	5	22	20	936	16518	9	26511	87	72	10257	883	239	4	9	635	4610	3814	9390	306669	58	34366	60866	1	3813	54	11635	35175	1496	121	152	1	293083	117	0	55405	64284	32
TG5_35:bin_000022	162466	555	276	103036	0	118408	91151	72724	150810	127338	1741	0	94251	129290	2	82659	201563	178229	25344	10	116138	4	163374	100960	128309	156	108609	169681	31082	133243	120339	6	0	0	220173	134408	122898	43	114323	106379	110521	133254	106393	94778	102267	123369	0	0	0	0	0	0	1328	0	0	0	0	2	0	0	0	2	0	679	0	0	0	4	0	10	0	0	0	0	0	0	0	0	0	0	0	0	0	0	0	8	0	0	0	0	0	0	0	0	0	0
TG5:bin_000003	248990	1385	7077	286547	20	198816	162013	210271	210828	224604	17557	0	150572	182045	0	185577	219983	191909	65928	54	174047	7	193522	199351	197394	3000	206222	167565	37068	221083	247406	4	0	0	444655	233330	215465	230	243127	249063	256441	205338	254155	370150	207566	174051	0	13	8	0	0	0	3407	0	0	0	0	0	0	0	0	0	2	2721	2	0	0	6	292	0	0	0	0	0	0	0	2	138	2	0	0	0	2	0	0	25	0	22	2	0	0	0	0	0	0	0
TG5:bin_000047	382131	393	6780	197708	738	318571	271770	315747	353037	327452	16795	0	287955	320080	0	272680	421576	296047	75994	0	290592	12	255763	340157	314160	285	270768	290941	70557	285355	289086	0	0	0	904988	372619	278581	40	358313	305154	292539	361354	318807	320210	291754	312382	0	14	1	0	2	0	5577	0	0	8	0	0	0	4	0	3	1	1910	0	0	0	3	138	0	0	1	0	0	0	0	4	0	0	0	64	0	0	0	4	34	8	22	0	0	16	0	0	0	0	6
