microsample	total_sequences	total_trimmed_sequences	percent_gc	percent_unique	reads_mapped_host_percent	reads_mapped_human_percent	reads_mapped_bacteria	reads_mapped_bacteria_percent	reads_mapped_other_percent	quality
M300554	58206558	55131372	52	44.86327954248341	0.02	0.04	46905616	85.13640758881505	14.863592411184953	5
M300555	6953168	875760	74	9.05078646181353	0.03	2.56	536679	62.932287977785805	37.067712022214195	1
M300556	4510494	1433242	69	13.908564998086362	0.03	2.18	1057800	75.50084080157369	24.499159198426312	2
M300557	41042748	35099682	56.5	27.432371460544168	0.02	0.56	29359169	84.14210341265499	15.85789658734501	4
M300558	3689064	148112	77	10.408677678710394	1.16	29.88	5630	5.569074326864107	94.43092567313589	0
M300559	45343430	43413546	52.5	72.86736721764667	0	0.01	37507269	86.40953240031276	13.590467599687244	5
M300560	42538238	40291514	52	61.38867977802657	1.77	0.04	33831862	85.53920817555087	14.460791824449132	5
M300561	47322288	45468196	52	58.387211806174406	0.02	2.27	38118375	85.80975876840007	14.190241231599927	5
M300562	46776708	45532388	51.5	58.00807578832784	0.01	0.02	39086650	85.86835483660636	14.131645163393642	5
M300563	49151014	46637910	52	73.47345291653642	0.06	0	40066997	85.96901725049233	14.030982749507672	5
M300564	3530170	2889258	55.5	25.702266300487377	0.01	0.62	2390541	83.28174981692614	16.718250183073863	3
M300565	3091984	69352	77	8.350384408608415	1.1	20.17	800	1.4725371815638344	98.52746281843616	0
M300566	37295718	34699290	53	57.67282875733522	0	0.68	29756866	86.35536188042353	13.64463811957647	5
M300567	42354370	40155832	52	52.98696696754561	0.06	2.76	32894344	84.32807322801638	15.671926771983621	5
M300568	3122782	1296578	64	20.206794631443387	0.87	4.44	1896	0.1727742107152816	99.827225789284725	1
M300569	36471496	34568238	52	62.920718833286486	0.03	0.05	29832437	86.3684114652213	13.6315885347787	5
M300570	47887038	46393578	52	50.202154011968574	0.03	0.04	39739517	85.72844565665163	14.27155434334837	5
M300571	48127476	46487192	52	39.54874214863486	0	0.03	39642508	85.31425272950676	14.685747270493238	5
M300572	17762784	11546746	59.5	25.372100446640452	0.02	0.07	9788046	84.86799049011294	15.132009509887055	4
M300573	987916	395768	67	23.444074442923473	0.62	38.72	21331	8.962002554450121	91.03799744554988	0
M300574	38821918	37255948	51	53.57065598730186	0.01	0.06	32033639	86.04570535925144	13.954294640748557	5
M300575	14669330	29796	77	6.16869771086169	2.65	25.39	1247	6.12896883908385	93.87103116091615	1
M300576	40859688	39143594	52	41.279926931304814	0	0.06	33648440	86.01875106537821	13.981248934621789	5
M300577	46062590	43726358	52	57.61776546401492	0.68	0.04	37028197	85.30568938094035	14.69431061905965	5
M300578	54403128	52777180	52	47.98940352632741	0.25	0.05	45375648	86.23875975781196	13.761240242188038	5
M300579	4805708	592876	74.5	9.603594870418982	0.18	5.29	211389	37.77447784877986	62.22552215122014	0
M300580	48883918	45201552	54	51.469678632453594	0.28	1.88	38153763	86.29074766283698	13.709252337163022	5
M300581	42496670	39865840	53	27.633316604548348	0.02	0.21	34260534	86.1593217450768	13.840678254923205	4
M300582	17004980	11053672	61.5	54.3109872578733	0.06	0.03	9341265	84.67382060536664	15.326179394633357	4
M300583	44142262	42459184	52	50.64900888828524	0.01	0.02	36430399	85.83168983429364	14.168310165706359	5
M300584	44002346	42854486	51.5	62.11560993333252	0.01	0.03	37119029	86.6489864184432	13.3510135815568	5
M300585	1941852	994076	61	24.321835545906996	3.37	76.08	2639	1.1718368398149217	98.82816316018508	0
M300586	346456	166470	67.5	33.56097166739788	0.03	11.14	831	0.5626802811370069	99.437319718863	0
M300587	434392	91978	72.5	29.61840917880624	0.03	10.37	521	0.6331421349406962	99.3668578650593	0
M300588	100750630	97851774	52	25.153147869935403	0.09	0.08	83905299	85.90242735304548	14.097572646954518	4
M300589	55023522	52091584	52	49.15953636687635	0.01	0.07	44867227	86.20690867628268	13.79309132371732	5
M300590	43731716	42410712	51	43.298237790543666	0	0.07	36126274	85.24930193607847	14.750698063921533	5
M300591	490120	228580	68.5	30.034073288174326	0.02	5.51	45415	21.04358382681383	78.95641617318617	0
M300592	48707620	46772872	51.5	62.626372413895076	0.01	0.02	40401228	86.40493837975305	13.595061620246952	5
M300593	45125458	43526312	51.5	50.034922460017924	0.01	0.03	37141417	85.37254292070715	14.627457079292853	5
M300594	52001076	49488626	52	42.46790342119618	0.01	0.29	42143289	85.42135976218798	14.578640237812024	5
M300595	54883926	52968572	51	52.317615099562786	0.03	0.02	45420140	85.79530987085032	14.204690129149682	5
M300596	52777964	50936014	51.5	50.530618078097476	0.01	0.01	43957194	86.32182965887701	13.678170341122993	5
M300597	59786184	58024204	51.5	37.99564749788952	0.01	0.05	50052381	86.31911581697975	13.680884183020254	5
M300598	51932876	50385028	51.5	49.36234917868987	0	0.02	43457383	86.27940103956857	13.720598960431431	5
M300599	49738156	48154838	52	65.02149237443214	0	0.01	41800588	86.81661332573898	13.183386674261016	5
M300600	848944	150618	72.5	22.209019034580784	0.13	34.24	939	0.9544040818815686	99.04559591811844	0
M300601	7162768	4153800	68.5	25.439188031199585	0.12	1.34	2501	0.06111994416359519	99.9388800558364	1
M300602	14329858	12961166	47	18.73775206916224	34.97	0.43	4629804	55.38396830610951	44.61603169389049	3
M300603	4827904	2577876	59.5	15.288135845832809	61.19	1.65	529136	54.402822873334664	45.597177126665336	2
M300604	10752892	298050	77	5.609490705909797	0.3	28.67	1405	0.6670528134910838	99.33294718650892	1
M300605	1912394	982374	61.5	16.773832433507692	7.58	19.51	280514	38.59523121586109	61.40476878413891	0
M300606	1311520	1051676	58.5	20.689250180871042	0.25	6.52	561493	57.303741169602816	42.696258830397184	1
M300607	880198	231418	71	20.635987464756326	0.05	8.97	1455	0.6920727936909598	99.30792720630905	0
M300608	2422996	1947440	46.5	19.62087631483876	7.57	2.1	1238892	70.38759161411284	29.612408385887164	2
M300609	8833250	6406798	49.5	16.500630285230113	0.5	3.71	4281270	69.7710233676631	30.228976632336895	2
M300610	9427188	4551766	58.5	12.78424044177053	8.52	1.01	3126441	75.94100366923541	24.058996330764586	3
M300611	5914334	267318	75.5	7.0249734408248505	4.68	9.43	86485	37.67424638438752	62.32575361561248	0
M300612	8375058	5635824	54.5	15.416828259435434	3.03	1.49	3321696	61.72598069111923	38.27401930888077	2
M300613	4225568	396986	74	8.939367844571237	3.57	7.97	91796	26.100060277275468	73.89993972272453	0
M300614	4655762	175552	76	7.408195585380045	0.22	21.09	1821	1.3205029658743166	98.67949703412569	0
M300615	43791720	48904	77	3.7927743292225022	2.29	18.69	651	1.7365556978233034	98.2634443021767	1
M300616	5358532	2330802	61.5	14.283742720583614	0.99	7.01	1361655	63.531955992273446	36.468044007726554	0
M300617	6526366	3269466	59.5	15.491316452799985	37.27	2.61	1386325	69.7141084167343	30.285891583265695	2
M300618	11345618	151344	77.5	6.312623040083967	0.29	10.5	1351	1.0079231262776227	98.99207687372238	1
M300619	6064888	2877266	59	13.581525289138781	5.1	1.28	1948674	72.33347710887917	27.666522891120835	2
M300620	637182	564126	55	22.171059446123714	0.72	45.25	1677	0.5500633048406883	99.44993669515931	1
M300621	26829492	97236	76	5.387125986872672	1.19	7.64	2767	3.1901401955358786	96.80985980446412	1
M300622	5652052	4926106	53	18.96727938907143	4.32	2.86	551622	12.05808635571335	87.94191364428664	2
M300623	3513174	2420780	54.5	17.376784367705557	44.43	1.68	856338	65.25245628820448	34.747543711795515	2
M300624	2649582	1614384	62	16.01219946433879	0.81	24.75	276621	23.02492596125514	76.97507403874486	0
M300625	1105798	910214	57.5	21.26659057244866	0.84	23.83	50904	7.428854966288199	92.5711450337118	1
M300626	2704082	580236	73	12.657026411337327	0.03	37.42	1483	0.4107214073647361	99.58927859263527	0
M300627	3256580	1261562	65	14.96293888876637	25.89	6.64	465136	53.54342310649839	46.45657689350161	0
M300628	3991964	3618410	45.5	18.086542436014515	23.33	2.65	2039522	75.74893889490566	24.251061105094337	3
M300629	13639050	12983946	46	19.895469776158148	81.11	1.39	1478964	63.39551016839011	36.60448983160989	3
M300630	48206734	45865964	44.5	53.068236530602704	95.02	0.37	721913	37.58385802626606	62.41614197373394	4
M300631	8350980	7365776	52.5	19.831191358153063	11.08	1.48	1916508	29.73498812156959	70.26501187843041	2
M300632	857768	251366	71	21.61775694690011	0.21	11.82	10253	4.658083157665189	95.34191684233481	0
M300633	7846360	7013928	43.5	19.221317520466513	15.24	1.85	4655035	79.9326853368326	20.067314663167394	3
M300634	9650450	6663142	50.5	16.623404438796474	0.52	1.07	5001040	76.2828798547388	23.717120145261205	3
M300635	582122	243238	68.5	26.758604787452658	0.73	10.22	1531	0.7070156642529924	99.29298433574701	0
M300636	4403574	4069462	46	18.495713465833013	1.32	4.43	2161574	56.594210753134114	43.405789246865886	2
M300637	1607570	1456382	49.5	21.641061241938214	0.39	79.45	26185	8.955443377383785	91.04455662261621	1
M300638	2814026	2617896	41	29.556551100758803	0.44	0.92	1968174	76.38203162899	23.617968371009994	3
M300639	12421758	12245838	38	33.68748483824038	0.18	0.11	10552329	86.42439706284148	13.575602937158521	4
M300640	973024	878404	40.5	64.73611993544176	0.31	0.39	763582	87.54826963117874	12.45173036882126	4
M300641	1360718	955888	62	21.38322323533034	0.3	21.26	4251	0.5681863747544007	99.4318136252456	0
M300642	19019236	51972	77	5.550798744657451	2.9	2.01	15425	32.22134024064171	67.77865975935829	2
M300643	338004	225602	63.5	29.54314150128401	0.06	13.03	1152	0.5886561062851303	99.41134389371487	0
M300644	59871342	57772116	41	16.353281667118644	39.57	0.25	29722777	85.79585715158274	14.204142848417263	4
M300645	16260754	7864894	58	12.647816642935245	2.98	0.62	6575782	86.76160798233255	13.23839201766745	4
M300646	460504	382502	60.5	23.94593749457117	0.18	14.85	1902	0.5859952676722864	99.41400473232771	0
M300647	13995666	13331110	41.5	18.958480140538036	10.77	0.37	8963213	75.71051144052149	24.289488559478514	4
M300648	20482600	20007118	38.5	15.762409214607029	3.89	0.86	16450627	86.33815576971968	13.661844230280323	4
M300649	1312614	226262	74	17.707329419401805	1.69	13.65	13046	6.834159271637663	93.16584072836234	0
M300650	3722720	1591598	66.5	26.510567368152635	0.22	38.66	3407	0.34542275404898015	99.65457724595102	0
M300651	48310662	45022880	52	60.00035371111838	0.03	0.51	38226879	85.42737239977217	14.572627600227833	5
M300652	55954228	46030306	53.75	56.19073506340723	0.005	0.025	39529459	85.94518306619163	14.054816933808368	5
M300653	2095770	252058	72	12.474123050019164	0.05	6.525	130608	55.364546417180854	44.635453582819146	0
M300654	46043684	39760652	54	59.70717695576455	0.09	0.225	33827470	85.25740109257416	14.742598907425844	5
M300655	3081280	146566	74.75	10.382695859159497	0.07	13.995000000000001	2468	1.962040032711431	98.03795996728857	0
M300656	2437718	1793208	56.25	34.115952633845005	0.05	1.245	1448435	81.90382974889228	18.096170251107722	3
M300657	18083628	12335018	55.75	34.957401671456566	0.01	0.28500000000000003	10134765	82.44395065969482	17.55604934030518	4
M300658	44361260	40473142	52.5	55.08775811910549	0.005	0.215	34684040	85.9381290568063	14.061870943193696	5
M300659	82444742	78077054	51	71.23352616841011	0	0.31	66657245	85.71468417946289	14.285315820537107	5
M300660	1426996	388454	69.75	21.73403402093592	0.16999999999999998	21.255000000000003	10291	3.2346982297821105	96.76530177021789	0
M300661	49054744	47187616	50.75	62.89424657943126	0.005	0.15	39723568	84.38651415912128	15.613485840878724	5
M300662	61759364	57615174	52.75	61.951766375667916	10.969999999999999	0.265	44016940	86.18127402436451	13.818725975635488	5
M300663	4536478	1963362	69	29.535102480045815	0.245	9.385	6433	0.36550584589719415	99.63449415410281	0
M300664	36915784	28862292	55.25	48.43263563493382	0.065	28.44	2447127	12.107638605664082	87.89236139433592	3
M300665	5290016	1431058	66.75	21.377668272865208	0.24	2.9299999999999997	962676	69.82432095620382	30.17567904379618	1
M300666	63324914	58819728	52	72.29257953163294	0.06	0	50472586	85.9263432741795	14.073656725820499	5
M300667	6055878	566024	73.75	11.736289463127504	0.06	7.5649999999999995	1758	0.3755818167014239	99.62441818329857	0
M300668	61338584	41477732	58	55.472842257312564	0.015	0.03	35643154	86.03459853499642	13.96540146500358	5
M300669	54514270	43433166	54.75	58.67836806554001	0	0.01	37328233	86.00302358778393	13.996976412216071	5
M300670	45407100	38665582	54.5	44.691611830416555	0.275	0.04	32477628	84.31469812256239	15.68530187743761	5
M300671	45531580	43794514	51	64.15024536072659	0.17	0.01	37543257	85.9137331489552	14.086266851044797	5
M300672	54409810	51019048	52	52.984747327667975	0	0.02	44033491	86.37093138897126	13.629068611028742	5
M300673	42141018	39433208	51.75	56.14966898047017	0.005	0.02	33991817	86.28713774570384	13.712862254296155	5
M300674	51504182	49262526	52	76.10702598356878	0.895	0.06	42092996	86.32556891468826	13.674431085311738	5
M300675	69202904	65273680	51.25	67.07232835644277	0.005	0.01	55841859	85.62427345150267	14.375726548497326	5
M300676	58185716	26268908	63	37.844672353694534	4.215	0.10500000000000001	20243480	80.69256544346806	19.307434556531945	4
M300677	28518462	2036060	73.25	10.022681616726771	0.01	0.03	1741851	85.63297394855559	14.367026051444412	3
M300678	92309034	60435832	59.25	51.07476192029748	0.005	0.01	52512660	86.95455043872735	13.045449561272648	5
M300679	46436914	42066268	53.5	71.74939845858822	0.12	0.01	36095375	85.95931992334404	14.04068007665596	5
M300680	59197000	44417406	57.25	64.60704249158496	0.02	0.01	38338964	86.3849020443231	13.615097955676902	5
M300681	2423634	1863068	60.75	40.15852838513116	23.925	6.175	219572	16.75689418479317	83.24310581520683	1
M300682	6681556	1428956	70.5	16.7478722529502	0.05	2.01	1115283	79.92226397969964	20.077736020300364	2
M300683	43111852	41779666	50.25	60.92425491355803	0.005	0.01	35982774	86.20629197418279	13.79370802581721	5
M300684	46239638	44801106	51	59.11757456763652	0.005	0.02	38137849	85.20776474549086	14.792235254509137	5
M300685	55912892	53439826	53	74.65876824410608	0.03	71.65	69388	0.49532805677742153	99.50467194322258	3
M300686	1708878	1532478	60	39.161838796795	0.12	9.135000000000002	135363	9.850251722484169	90.14974827751583	1
M300687	47124410	45492512	51.25	66.20983772244382	0.315	0.03	38830305	85.7045977058884	14.295402294111597	5
M300688	49889164	48187998	51.25	61.821278003179216	0.01	0.02	41556167	86.31571754065007	13.68428245934993	5
M300689	39696258	38249730	51	61.94391611801935	0	0.03	32840314	85.94210324555807	14.057896754441927	5
M300690	40614850	38859582	50	61.955382177532094	0.165	0.15	32803689	84.76267443242521	15.237325567574786	5
M300691	75777878	73779062	51	71.80683456324371	0	0.01	63040423	85.49603495645653	14.503965043543474	5
M300692	62707874	60233846	51	59.05198161939741	0.03	0.025	51594144	85.75461989074955	14.245380109250448	5
M300693	542854	371812	63.5	44.012585280601584	0.115	11.145	1151	0.2896601633224165	99.71033983667758	1
M300694	16299960	15682520	51.25	78.40801875066191	0.005	0.04	13473251	86.02543503220852	13.97456496779148	5
M300695	64256154	61826690	51.5	53.032462770611644	0.005	0.02	53264900	86.23309251943148	13.76690748056852	5
M300696	39178952	38219068	51	75.27455918511724	0	0.02	32928135	86.22473306167319	13.775266938326808	5
M300697	25197460	24517896	51	66.88894618341166	0	0.03	21017881	85.79101967444964	14.208980325550357	5
M300698	113369844	108608304	43	93.22023674415058	91.305	0.38	5141305	59.434216113381524	40.565783886618476	4
M300699	181547320	174016470	42.75	92.20814081152392	90.25999999999999	0.365	10003711	63.48093600596664	36.51906399403336	4
M300700	150316378	143241930	44.5	91.48632273539374	88.53	0.39	9260694	61.023824592757094	38.976175407242906	4
M300701	152640832	145441250	46.25	91.9156495077076	91.89500000000001	0.44	4429441	43.00093351494603	56.99906648505397	4
M300702	299718	6688	74.25	13.578206171454259	0.53	20.33	1171	22.169632714880727	77.83036728511928	0
M300703	289410	0	74.25	14.453590819625653	NA	NA	0	NA	NA	NA
M300704	16023182	3134106	69.85714285714286	29.6624220238095	0.73	0.06714285714285714	2728530	75.41365502495512	24.58634497504488	3
M300705	17662348	4067442	69.71428571428571	33.19468409177853	0.032857142857142856	0.04571428571428572	3499484	74.41284005420292	25.587159945797083	2
M300706	19058652	3779042	70.42857142857143	29.477144065973988	0.06142857142857144	0.047142857142857146	3299672	74.99886149213827	25.001138507861725	2
M300707	25189802	6013246	69.14285714285714	32.408892709935365	0.008571428571428572	0.04428571428571429	5204503	74.31457207135895	25.685427928641047	2
M300708	19894302	9610970	63.214285714285715	52.224654559481706	0.008571428571428572	0.025714285714285714	8275234	73.8646762639647	26.135323736035303	3
M300709	18131414	11866	74.92857142857143	14.557132256514864	4.497142857142857	24.55857142857143	677	8.292453453026253	91.70754654697375	1
M300710	24091356	17220	75.21428571428571	13.852302095595139	1.9042857142857144	19.77	409	2.9676602995967807	97.03233970040321	1
M300711	17774952	9189470	62.214285714285715	54.80613854746247	4.062857142857143	0.04285714285714286	7566967	74.70238435510625	25.297615644893753	3
M300712	13371120	9355290	59.142857142857146	70.74685320999072	0.018571428571428572	0.060000000000000005	8066435	74.24796815259904	25.752031847400957	4
M300713	20102418	6996	75.64285714285714	15.020447097641398	3.012857142857143	7.594285714285714	85	1.4498357633305488	98.55016423666945	1
M300714	21134334	7942204	66	43.36969431206165	0.008571428571428572	0.025714285714285714	6857176	74.24058625315838	25.759413746841616	3
M300715	18951116	9121768	64	51.79124375418382	0.018571428571428572	0.024285714285714285	7904494	74.41558354478857	25.584416455211425	3
M300716	19914488	4077026	70.14285714285714	33.284541119904816	0.024285714285714285	0.10571428571428572	3489227	73.5039138880501	26.496086111949893	2
M300717	13930828	5509518	65.92857142857143	46.348203623495124	0.04	0.018571428571428572	4755554	74.26589738345952	25.734102616540483	3
M300718	17557926	14584388	56.42857142857143	78.15850813638104	0.005714285714285714	0.017142857142857144	12459707	74.9567915012459	25.043208498754097	4
M300719	24825972	21060	75.14285714285714	13.324755778699362	1.1642857142857144	15.75	813	4.603250259817079	95.39674974018293	1
M300720	18080698	482178	74.71428571428571	16.631428135059032	25.705714285714286	74.69285714285714	3339	6.928814435843813	93.07118556415618	1
M300721	20273764	12409970	61.42857142857143	62.0602236426796	0.008571428571428572	0.01	10671857	74.03046451330566	25.96953548669434	3
M300722	23645072	3354410	71.78571428571429	24.93323139973761	0.5	0.032857142857142856	2903836	74.73878384878346	25.261216151216544	2
M300723	60	0	67.64285714285714	94.84126984126985	NA	NA	0	NA	NA	NA
M300724	17813582	6642646	66.85714285714286	43.60119644360032	0.1	0.1742857142857143	5702229	73.90117401886896	26.098825981131043	3
M300725	14707212	895834	73.5	21.034616279275184	0.055714285714285716	0.15	771396	74.11541151589023	25.88458848410977	2
M300726	16106214	181854	74.78571428571429	16.318744837395535	1.0185714285714287	30.587142857142855	2260	1.851997352101538	98.14800264789847	1
M300727	17278612	9016570	62.714285714285715	54.819153124636955	0.008571428571428572	0.25857142857142856	7797257	74.67154898782293	25.32845101217707	3
M300728	34764800	39132	75.21428571428571	12.635325369026164	3.2942857142857145	12.374285714285714	689	2.0167895227392347	97.98321047726077	1
M300729	38097118	328112	74.78571428571429	13.888226531763843	0.31285714285714283	0.2842857142857143	278124	73.90834289115976	26.091657108840238	2
M300730	30391696	715270	74.78571428571429	15.913993688657701	0.038571428571428576	0.11571428571428571	614441	74.01087085995641	25.989129140043588	2
M300731	31634480	6912284	69.85714285714286	30.867936177475972	0.03	0.037142857142857144	6037652	74.97337458582318	25.02662541417682	2
M300732	15530436	187428	74.85714285714286	16.18901501130963	0.48142857142857143	0.30714285714285716	123452	57.908776917031325	42.091223082968675	2
M300733	28834124	1538706	73.78571428571429	17.314992894311953	0.015714285714285715	0.1	1299283	72.56287609266207	27.437123907337934	2
M300734	36948218	39762	75.28571428571429	12.981383453954281	0.4185714285714286	9.815714285714286	4618	12.920992043561618	87.07900795643837	1
M300735	63583828	5012766	73.14285714285714	19.249872127103153	0.011428571428571429	0.14285714285714288	4295061	73.69392250014901	26.306077499850986	2
M300736	30973352	9235500	68	36.642437957650046	0.05142857142857143	0.36428571428571427	7782593	72.97358077819642	27.02641922180358	3
M300737	25445734	372128	74.85714285714286	14.947310522390172	46.76285714285714	2.927142857142857	50977	27.416596415751563	72.58340358424843	2
M300738	35401942	8959254	69.5	33.56355132889537	0.017142857142857144	0.014285714285714285	7743490	74.58956832452	25.410431675479998	2
M300739	59797686	27276	74.5	12.859413414739734	1.6771428571428573	4.892857142857143	101	0.43749477963073274	99.56250522036926	2
M300740	24873786	177338	74.78571428571429	15.147269783120269	0.45714285714285713	1.8714285714285714	1352	0.6836253460346031	99.3163746539654	2
M300741	16670480	6697268	65.85714285714286	46.55273388050354	0.39	0.25285714285714284	5640405	72.81297280379228	27.187027196207723	3
M300742	19391712	8438870	65	48.55293049522768	0.47285714285714286	0.23	7136333	73.35377574578719	26.64622425421281	3
M300743	34810024	6990144	70.35714285714286	29.647224479943024	0.0642857142857143	0.02142857142857143	6028955	74.36293158133314	25.637068418666857	2
M300744	24819276	1741136	73.42857142857143	18.94252429997863	0.07285714285714286	0.23	1466683	72.58052936872204	27.41947063127796	2
M300745	37946444	3251948	72.71428571428571	20.048869648487376	0.02	0.7728571428571429	2729914	72.76460508655205	27.235394913447948	2
M300746	30198210	8782	74.85714285714286	13.79146504524803	1.0514285714285714	10.202857142857143	475	7.7697580127843136	92.23024198721569	1
M300747	35216960	9719534	68.78571428571429	34.8765070596682	0.5528571428571428	0.018571428571428572	8348996	74.61891181439815	25.381088185601854	2
M300748	47813730	4596122	72.85714285714286	20.605758053572274	0.08	0.16857142857142857	3893840	72.94813427344342	27.051865726556585	2
M300749	33979592	58426	75.28571428571429	12.921498499609323	1.497142857142857	6.055714285714286	985	1.6757071500150453	98.32429284998496	1
M300750	42515480	6463080	71.21428571428571	25.09835996283499	0.02857142857142857	0.02857142857142857	5592149	74.49642035075443	25.503579649245566	2
M300751	33272966	8244008	69.21428571428571	33.702043847856196	0.07	0.032857142857142856	7059901	73.98410496588299	26.01589503411701	2
M300752	4583592	72974	74.42857142857143	24.599636713731922	1.062857142857143	21.93285714285714	1409	2.2388500056422136	97.76114999435778	0
M300753	21783290	7678590	65.85714285714286	42.47708207274507	20.73	0.12	4929042	72.98895899231034	27.011041007689656	3
M300754	23444132	9786	75.5	14.961422113367254	2.1271428571428572	8.968571428571428	88	1.0927420593784956	98.9072579406215	1
M300755	27759756	6437102	69.57142857142857	31.666068174834876	0.008571428571428572	0.04714285714285714	5554178	74.07227476791068	25.927725232089315	2
M300756	19192550	17534168	55.07142857142857	85.53599444413989	0.012857142857142857	0.011428571428571429	15140453	81.82081390866713	18.179186091332866	5
M300757	28509168	8682884	67.92857142857143	36.26149284884969	0.017142857142857144	0.06285714285714286	7601658	75.26423999602538	24.73576000397462	4
M300758	19807412	14469342	59.357142857142854	69.58011575396144	0.025714285714285714	0.017142857142857144	12519612	75.99844294562983	24.001557054370167	5
M300759	19249204	16635050	55.357142857142854	77.70693772322218	0.025714285714285714	0.017142857142857144	14262981	74.908680299145	25.091319700854996	4
M300760	21348604	18666492	52	82.03792435173938	0.017142857142857144	47.8	7010722	72.21112751467722	27.788872485322784	3
M300761	23205464	20809562	55.142857142857146	85.0210844278548	0.017142857142857144	0.008571428571428572	17836856	76.75205719288354	23.24794280711646	5
M300762	4317454	115858	75.14285714285714	27.336727870244985	0.09285714285714286	27.19	927	1.0081327364199175	98.99186726358008	0
M300763	25006014	23524674	55.214285714285715	89.30419974893975	0.011428571428571429	0	20295680	78.48804331186672	21.51195668813328	5
M300764	21307922	19619690	55.357142857142854	86.14420086473646	0.017142857142857144	0.008571428571428572	16948447	75.26793984135267	24.73206015864733	5
M300765	28901236	56532	75.35714285714286	14.326533174380161	0.08142857142857143	9.502857142857144	20903	37.35017244734571	62.64982755265429	1
M300766	19963652	19221778	54.285714285714285	90.23090649162165	0.03	0.01	16604777	86.4302229384769	13.569777061523098	5
M300767	19998684	18768126	53.642857142857146	72.18240535840884	0.008571428571428572	0.05857142857142857	15972731	75.61497753392194	24.385022466078055	5
M300768	19900918	8805098	64.71428571428571	49.77942519915912	0.021428571428571425	0.03	7605425	74.25736553931534	25.742634460684656	3
M300769	14538534	26216	74.85714285714286	16.166504183123564	0.5271428571428571	17.42857142857143	432	1.8773025465941369	98.12269745340586	1
M300770	1079406	409240	65.5	58.31863117982533	0.032857142857142856	12.907142857142857	3982	0.9430514964735456	99.05694850352646	1
M300771	35217072	3738106	71.78571428571429	22.196269886002774	0.024285714285714285	0.045714285714285714	3194190	73.44557948822464	26.554420511775362	2
M300772	18893568	14838870	58.07142857142857	72.72622051956428	0.07142857142857142	0.11714285714285715	12781181	75.43944088065835	24.560559119341647	5
M300773	19721800	16414622	58.07142857142857	76.43129662721635	0.03428571428571429	0.017142857142857144	14276984	75.22127182926056	24.77872817073944	5
M300774	22922994	20678828	55.285714285714285	82.98859710893142	0.03428571428571429	0.008571428571428572	17884140	76.16395787451893	23.83604212548107	5
M300775	16826302	13383026	57.07142857142857	77.06832560450508	0.008571428571428572	0.05714285714285715	11545511	75.26500947988502	24.734990520114977	5
M300776	36180034	6380234	70.85714285714286	27.8042426602258	0.08571428571428572	0.03	5450188	73.39951654573369	26.60048345426631	2
M300777	34290892	75874	75	14.16887054859763	0.19285714285714287	3.1471428571428572	38387	46.82105108783764	53.17894891216236	2
M300778	45134914	8530858	70.42857142857143	28.310838528729835	0.008571428571428572	0.06428571428571428	7328937	73.85565397689763	26.144346023102372	2
M300779	39655556	20166	74.78571428571429	14.050709420824845	0.4685714285714286	12.357142857142858	104	0.6296564500975342	99.37034354990247	1
M300780	32035954	11901184	66	43.10409457473614	0.017142857142857144	0.008571428571428572	10273000	74.90633417540371	25.093665824596286	3
M300781	55151954	22674	75.42857142857143	12.362683131887078	0.4042857142857143	13.874285714285714	828	4.761417328415868	95.23858267158413	1
M300782	39855452	10153854	68.92857142857143	32.852033129289275	0.027142857142857142	0.012857142857142857	8722828	73.7969249544351	26.2030750455649	2
M300783	29071946	5264238	70.35714285714286	28.76970291375262	0.015714285714285715	0.04428571428571429	4510721	73.68165207867399	26.31834792132601	2
M300784	50347740	4561692	73.07142857142857	20.12413089418813	0.017142857142857144	0.032857142857142856	3908017	73.64640797704618	26.35359202295382	2
M300785	47497102	27436	74.78571428571429	13.268546220417253	0.6814285714285714	11.914285714285715	212	0.9651255778523854	99.03487442214761	1
M300786	50684406	2665070	73.78571428571429	17.23191589784171	0.015714285714285715	0.055714285714285716	2239922	72.24649797645846	27.753502023541543	2
M300787	38202246	16839030	64.71428571428571	47.97379347593686	0.060000000000000005	0.008571428571428572	14465190	73.88066294443193	26.119337055568067	3
M300788	33511326	4320036	72.07142857142857	23.605848443325502	0.032857142857142856	0.03428571428571429	3695484	73.54651390234226	26.453486097657745	2
M300789	43478834	24374	75.14285714285714	12.928789049187634	0.3785714285714286	9.994285714285715	231	1.1244885592609475	98.87551144073905	1
M300790	40880976	41280	74.85714285714286	12.485927577771823	0.9642857142857143	24.814285714285713	5724	18.54643372147393	81.45356627852607	1
M300791	41962482	3534564	72.78571428571429	19.658933938362072	1.7485714285714284	0.06285714285714286	2971696	73.84341951145319	26.15658048854681	2
M300792	33761158	15407182	63.42857142857143	49.14675452726977	0.027142857142857142	1.0314285714285714	12831922	72.78797019575694	27.21202980424306	3
M300793	37889704	204046	74.71428571428571	13.003314687782467	0.12857142857142856	9.224285714285715	7415	3.590827626185877	96.40917237381413	1
M300794	45052674	17228764	65.85714285714286	42.080010462285045	0.015714285714285715	0.017142857142857144	14694078	73.42890962470815	26.571090375291845	3
M300795	55127454	72228	74.71428571428571	13.739502415842074	0.20142857142857143	6.251428571428572	35609	48.16262547338682	51.83737452661318	1
M300796	6539488	101382	74.78571428571429	20.73644626672382	0.1457142857142857	10.56	432	0.41484626396176505	99.58515373603824	0
M300797	38076740	13594956	66.14285714285714	40.71879108365078	0.011428571428571429	0.025714285714285714	11609323	73.42783918677927	26.572160813220734	3
M300798	42306872	27142792	58.92857142857143	58.672478820869884	7.67	0.09	21299270	74.56002955028707	25.43997044971293	4
M300799	52840468	81840	75	13.265148802832785	0.54	8.035714285714285	5643	7.013196236704677	92.98680376329533	1
M300800	295602	246568	53.5	21.971772856746572	1.09	2.99	184285	77.92902511015824	22.070974889841764	3
M300801	16827366	16505788	54	59.90223246615586	0.01	0.01	14348172	86.96137986442722	13.038620135572785	5
M300803	15244658	15025750	53	52.208435924419234	0.01	0.01	13012416	86.62237075692431	13.377629243075688	5
M300804	2666732	2564890	50.5	85.88152564202272	0.01	0.02	2192726	85.52046858436383	14.479531415636174	4
M300805	473940	420892	54	20.831750854538548	0.12	3.57	316459	78.13532371720484	21.86467628279516	3
M300806	14945338	14739038	52.5	49.60080242930114	0.04	0.02	12720518	86.36334812720693	13.636651872793067	5
M300807	13117706	12886452	54	16.937637154106568	0.05	0.23	10899415	84.82955271567981	15.17044728432019	4
M300808	8851282	8679362	51.5	81.93526436757423	3.61	0.03	7174224	85.82184591835002	14.178154081649978	4
M300809	21378020	20996648	52.5	65.98219147987486	0.46	0.06	18012150	86.25293313557066	13.747066864429343	5
M300810	12684186	12457932	53	45.27028376593657	0.02	0.03	10858170	87.21351635729833	12.786483642701668	5
M300811	16651596	16431726	53	48.85919550410358	0.02	0.17	14042158	85.62276844893192	14.377231551068078	5
M300812	49642	4374	56.5	24.080415776963058	0.33	24.44	54	1.6433353621424225	98.35666463785758	1
M300813	2769448	2679032	52	10.872088331059746	0.05	76.45	6164	1.0022666445530612	98.99773335544694	1
M300814	14886520	14635288	53	62.40675588030227	0	0.11	12721947	87.03191078459984	12.968089215400155	5
M300815	12561032	12302408	53.5	56.773038201744974	0.03	0.04	10662898	86.74365609256563	13.25634390743437	5
M300816	19305004	19012366	53	64.97454089468555	4.09	0.07	15788194	86.69405391965644	13.30594608034356	5
M300817	1297542	1222386	49	14.927160142983496	0.11	15.57	473117	45.93252985846959	54.06747014153041	1
M300818	18514262	18251496	53	48.90622048958713	0.01	0.08	15716466	86.20212361597204	13.797876384027958	5
M300819	12152502	11819108	52.5	53.93997376057736	0.01	0.09	10209394	86.4757164993433	13.524283500656693	5
M300820	12141262	11959106	54	50.83747856772406	0	0.18	10376302	86.93013034951161	13.069869650488386	5
M300821	14822176	14596290	54	15.729788940715224	0.04	0.46	12457733	85.79177700766908	14.208222992330917	4
M300822	14800098	14593264	54	47.40910421006449	0	0.08	12640352	86.69326923696822	13.30673076303178	5
M300823	2691800	2578856	49.5	15.7975273722699	11.73	3.66	1909761	87.39868949629172	12.601310503708277	3
M300824	11358542	11162774	54	74.1798316163607	0.67	0.1	9538904	86.1383341930096	13.861665806990402	5
M300825	10790296	10649548	53	81.24248408990942	0	0.05	9201131	86.4514771801792	13.548522819820803	5
M300826	331716	270992	51	20.82805773613573	0.27	48.81	28509	20.711224119142756	79.28877588085724	1
M300827	5120852	4989400	52.5	52.37128037073849	0.02	0.53	4274053	86.14589959471215	13.854100405287852	4
M300828	9752822	9488038	53.5	71.5589062934636	0.01	0.09	8175522	86.26752939239881	13.732470607601186	4
M300829	11682368	11465930	53.5	59.9255451003385	0.05	0.11	9858885	86.12255804888855	13.87744195111145	5
M300830	601702	543718	55	15.89740436295708	9.48	22.54	61291	16.13668435907157	83.86331564092843	1
M300831	14715688	14505568	54	58.24883260148356	0	0.07	12431744	85.76942039182364	14.230579608176356	5
M300832	871272	800062	47.5	22.602713315565747	65.69	17.08	87251	39.164998339153776	60.835001660846224	1
M300833	9078276	8898822	52	82.69386516334605	12.7	0.09	6674311	86.14770920242864	13.852290797571357	4
M300834	11910012	11689550	53	63.043528370248204	0.07	0.06	10096928	86.498822744084	13.501177255916005	5
M300835	12551438	12317394	52.5	65.0538895115829	0.7	0.03	10558684	86.37014021518662	13.629859784813377	5
M300836	17943698	17699156	53	61.65944621141254	0.04	0.14	15110549	85.54064136733247	14.45935863266753	5
M300837	9492276	9342198	53	72.99687601503416	0.3	0.09	7986833	85.83615752054168	14.163842479458324	4
M300838	45726	770	48	15.1489305865372	0	63.64	30	10.79136690647482	89.20863309352518	1
M300839	12464010	12165784	51.5	22.458309408039867	30.25	0.84	6770741	80.81938545792242	19.180614542077578	4
M300840	9443774	9261550	54	50.91675368388318	1.8	0.27	7787871	85.88546870554295	14.114531294457052	4
M300841	676626	619858	54	14.274650988877163	4.47	26.61	86328	19.905370631692534	80.09462936830747	1
M300886	10335490	10163860	53.5	67.25923163720029	0.19	0.16	8733154	86.2405964548462	13.759403545153802	5
M301037	9145950	8945504	54	74.27467610179755	0.04	0.09	7740382	86.65242383079296	13.347576169207045	4
M301038	30623512	30076888	54.5	59.72744259231192	0.01	0.05	26012488	86.5507075750279	13.4492924249721	5
M301039	13867498	13637706	54	55.74174238578866	0.01	0.12	11738263	86.19534432205114	13.804655677948858	5
M301040	725508	664976	57	14.175860224835562	0.85	21.98	53093	10.338952025611269	89.66104797438874	1
M301041	18516834	18306972	53	61.46084849232692	0.05	0.11	15638281	85.56081816075888	14.439181839241115	5
M301042	18026856	17768120	51.5	28.668350001351037	1.34	0.67	15746944	90.46420995170745	9.535790048292554	4
M301043	760088	701878	52	13.963646314637252	1.72	38.82	49334	11.75867707136626	88.24132292863374	1
M301044	11485756	11225982	50	39.42694692086455	0.14	0.12	10331109	92.30571910587608	7.694280894123921	5
M301045	16464278	16178724	51.5	43.48128762122882	0.36	0.14	14942524	92.83825970216505	7.161740297834953	5
M301046	17264318	16907744	52	35.147857580356565	0.07	0.11	15746671	93.31078586661974	6.689214133380261	5
M301047	1580388	1506760	55	12.366909508990688	1.93	11.54	741875	56.809741066273375	43.190258933726625	1
M301048	8612128	8400212	52	40.43726363458943	0.13	0.21	7789689	93.06844208677576	6.931557913224239	4
M301049	14031948	13568374	51.5	62.5668428055597	0.32	0.1	12604132	93.31559634956528	6.684403650434717	5
M301050	14702428	14420432	51.5	57.57297523520774	0.02	0.12	13372182	92.87195887020007	7.128041129799925	5
M301051	13791066	13474326	51.5	54.85889702858316	2.25	0.2	12196877	92.82710983832683	7.172890161673166	5
M301052	12502372	12208858	52	52.69391473682053	0.01	0.18	11341956	93.09483496492062	6.905165035079378	5
M301053	315080	262782	52.5	24.166243493715882	0.06	37.9	14899	9.168841079165023	90.83115892083498	1
M301054	13405084	13047978	52	57.57263872379211	0.04	0.48	12062735	92.99778305313887	7.002216946861125	5
M301055	8263168	295910	84	3.89994957203099	1.82	0.49	200100	71.7662164391619	28.233783560838106	1
M301056	497778	442072	53	17.992759824660794	0.25	21.46	234402	67.76739560325188	32.232604396748116	1
M301057	14061964	13727088	52.5	33.81404248534966	0.02	0.16	12792066	93.37966961637449	6.6203303836255145	4
M301058	17056696	16720304	50	54.211858699004026	1.08	0.09	15283325	92.50685025200816	7.493149747991836	5
M301059	12807010	12549164	51	42.69830628672861	1.1	0.11	11511557	92.876212350688	7.123787649312007	5
M301060	12658670	12392934	51	41.406519211783255	0.02	0.2	11455036	92.64942554301452	7.350574456985484	5
M301061	56352	9028	54.5	22.90424474730267	0.02	50.4	87	1.948051948051948	98.05194805194805	1
M301062	869728	805518	57	16.34177581956658	0.1	13.26	178039	25.536361263227946	74.46363873677205	1
M301063	18698300	18451118	51	54.39771224053597	0.04	0.09	16949409	91.98764055468908	8.01235944531092	5
M301064	6433960	6278982	51	63.8574233346758	0.06	0.2	5788671	92.52085633566536	7.479143664334643	4
M301065	15412268	15080552	49.5	54.78878915593269	0.13	0.07	13899964	92.3651561579876	7.634843842012401	5
M301066	8376994	8208340	50	84.45433579416492	0.04	0.05	7586168	92.5133864612962	7.486613538703807	4
M301067	440104	386916	48	14.330930870885062	0.12	50.87	5931	3.1424514406213904	96.85754855937861	1
M301068	14332112	13998208	50	71.11981194944563	0.42	0.3	12837819	92.41581425469604	7.584185745303955	5
M301069	13212062	12966144	50.5	68.54518623308857	0.01	0.05	12013217	92.72116140708246	7.278838592917538	5
M301070	13441368	13133240	51	61.87424842254998	0.02	0.09	12180500	92.86465798542282	7.135342014577176	5
M301071	481546	425302	51.5	16.500188974677393	0.02	30.53	145245	49.42188861062718	50.57811138937282	1
M301072	9423008	9283642	51	86.50725398898074	0.01	0.02	8620130	92.88516807867234	7.114831921327664	4
M301073	13978436	13633602	50.5	42.068368722703426	0.04	0.17	12578375	92.47393559630164	7.526064403698356	5
M301074	154814	101290	51	39.460901468859404	4.31	53.89	10040	22.658542089821708	77.34145791017829	2
M301075	13295852	12988916	50.5	71.12715618159066	0.02	0.07	12039746	92.7944513296708	7.205548670329193	5
M301076	9625334	9447846	51	89.62205187767913	0.07	0.03	8786618	93.10361196686144	6.896388033138564	4
M301077	11640602	11421124	50.5	67.05088662792801	0.05	0.12	10559229	92.6162203542864	7.383779645713602	5
M301078	292072	242080	50	18.11368429702265	0.55	46.17	6727	5.213354619712634	94.78664538028737	1
M301079	12575848	12311088	50	82.190330199642	0.06	0.04	11388668	92.60993613476867	7.390063865231326	5
M301080	15243316	14922650	50	81.90659007735894	1.07	0.04	13641995	92.46683745676928	7.533162543230716	5
M301081	18150054	17843682	50	71.05155815811428	0.01	0.03	16520245	92.63764280396752	7.362357196032477	5
M301082	12426016	12226514	49	42.443268761845374	0.01	0.1	11295292	92.49948858399924	7.500511416000762	5
M301083	145164	88850	52	23.033947810751975	0.06	53.69	341	0.832356961530951	99.16764303846905	1
M301084	12496592	12150092	49.5	41.85027302582662	0.03	0.16	11207834	92.4378789778238	7.5621210221762	5
M301085	17817294	17478242	50	36.923062844460745	0.02	3.17	15589627	92.158583000987	7.841416999013006	5
M301086	2044878	1955606	51	14.591943870700025	0.06	4.53	1652626	88.59051840130027	11.409481598699728	3
M301087	14652218	14359900	49.5	32.17437528089214	0.02	0.26	12989873	90.72634306682625	9.273656933173754	4
M301089	14963378	14632482	49.5	73.88118180349844	0.16	0.03	13508791	92.5154975615088	7.484502438491205	5
M301090	3020236	2340046	57.5	19.21333703078679	0.1	1.79	1882412	82.70150675350328	17.29849324649672	3
M301091	1882806	1035816	62	12.144229889256884	0.06	5.47	783790	80.13934075911472	19.860659240885283	1
M301092	25935006	23502158	54	45.325446872493686	0.02	0.07	20284305	86.38883163034109	13.611168369658913	5
M301093	23526258	21997730	53	37.531355756072315	0.02	0.08	19016331	86.54352996431098	13.456470035689023	5
M301094	24415912	23124564	55	20.642817025174416	0.02	0.13	19959653	86.45133701309423	13.548662986905768	4
M301095	19351222	17869738	54	28.745207336550706	0.02	0.1	15447028	86.56009451827408	13.439905481725916	4
M301096	703498	134402	71.5	6.481610466554276	4.08	33.02	4722	5.48788991678676	94.51211008321324	0
M301097	19488462	17744408	54.5	29.462244896029226	0.04	0.11	15171259	85.6431776954673	14.356822304532699	4
M301098	3181214	2688014	55	15.288167510867096	0.11	7.06	1874840	75.18408640130635	24.815913598693655	2
M301099	26271718	25041724	54	38.270048236475496	0.03	0.33	21348321	85.57896982556873	14.421030174431266	5
M301100	4419166	2672444	60.5	11.760983764518262	0.24	58.38	162662	14.82456987767556	85.17543012232444	0
M301101	28387512	9144436	69	7.4607010483559595	0.02	0.93	7859776	86.79826955098395	13.201730449016054	3
M301102	33159840	31001222	53	52.51072015042932	0.02	0.09	26904807	86.88832665930606	13.11167334069394	5
M301103	33167906	29746688	54	44.14715613220617	0.06	0.11	25409097	85.57757180351527	14.42242819648473	5
M301104	26165836	25221092	52.5	55.544588153185245	0.03	0.06	21706697	86.14942607655345	13.850573923446547	5
M301105	1941502	1578682	62.5	16.328066784787907	0.21	10.19	11430	0.80938805164788	99.19061194835211	0
M301106	3501552	238812	75	5.241402655619618	15.12	19.79	96757	60.38481221213975	39.61518778786025	0
M301107	25019926	23186784	54	54.03413550159221	0.76	0.07	19926532	86.67793980485239	13.322060195147614	5
M301108	588604	8652	77	4.146081236281099	0.41	63.41	53	1.691129546904914	98.30887045309508	0
M301109	23741204	20662690	54.5	57.46819046130469	0.07	0.05	17759281	86.06132447150101	13.93867552849899	5
M301110	19829154	18239884	54	38.35726271431033	0.34	0.08	15548792	85.62237434146873	14.377625658531272	5
M301111	25471646	24179996	54	48.29454162119161	0.04	0.04	20883221	86.44451507222385	13.555484927776149	5
M301112	19722182	17511628	54	59.21748488529016	0.22	0.06	15060838	86.26173331990795	13.738266680092053	5
M301113	11105356	9868588	56	60.66176420297461	0.02	0.06	8501081	86.23962111331946	13.760378886680542	5
M301114	2222978	1993444	53	13.969318549165218	6.25	8.18	1365733	79.68661749947488	20.313382500525123	2
M301115	33925248	33014852	53	53.05000890827684	0.01	0.06	28488897	86.36813421782092	13.631865782179077	5
M301116	26333916	25448012	52.5	55.99446857866168	0.03	0.13	21800179	85.82141481818174	14.178585181818264	5
M301117	3161358	2808386	55	19.35102548452684	1.03	42.37	520141	32.64641714828	67.35358285172	1
M301118	22147196	19710160	55	57.881420789026365	0.01	0.03	17141503	87.02065670975013	12.979343290249872	5
M301119	23442376	22361214	53	54.12861295210905	0.02	0.06	19231692	86.08837557335723	13.911624426642774	5
M301120	880874	745930	50	18.625705833070338	54.05	11.81	125426	41.91541124730981	58.08458875269019	1
M301121	19154916	18176344	54	53.575200224490054	0.02	0.1	15602539	85.96470533009042	14.035294669909575	5
M301122	24380678	23608440	53	62.29704178117784	0.16	0.06	20306523	86.21790889974669	13.78209110025331	5
M301123	1488128	1043918	59	23.34093184131789	0.93	9.11	766526	81.63685664564309	18.363143354356907	2
M301124	23046826	22477854	52	72.2344584202275	0.01	0.06	19397595	86.36783993075468	13.632160069245316	5
M301125	68674990	64872632	55	32.87646228682286	0.02	0.24	57165768	88.37419088420371	11.625809115796287	4
M301126	17958320	17351986	54	77.19054748961997	0.01	0.05	15096366	87.07336756967142	12.926632430328581	5
M301127	507654	372596	56.5	33.719817040740345	3.7	18.14	178859	61.02070198422446	38.97929801577554	1
M301128	25184944	24525326	52.5	64.46038603922032	0.09	0.07	21117885	86.26234630938279	13.737653690617208	5
M301129	9254928	8186208	53	38.18131543778981	0.02	0.58	6032232	74.1511543631949	25.848845636805095	3
M301130	23165096	22363008	52	74.53720891696757	0.53	1.01	18399716	83.58682792995207	16.413172070047935	5
M301131	31504436	17024	77.5	3.0134610842637324	3.2	0.61	84	0.5441119315973572	99.45588806840264	2
M301132	4046298	3477396	55	11.850550747078081	8.91	82.14	72245	13.327909559493634	86.67209044050637	1
M301133	26403146	25291646	53	49.024657110175944	0.02	0.05	21952436	86.86218870483182	13.137811295168177	5
M301134	6469754	6071172	54	11.940310214590623	0.01	3.67	4920329	84.16821363885492	15.831786361145078	3
M301135	798362	48168	75	6.210215416064392	0.72	56.61	394	1.9353571077709009	98.0646428922291	0
M301136	21594088	20605770	54.5	60.53376079967139	0.01	0.04	17581970	85.38309110821633	14.616908891783666	5
M301137	22259000	21492876	54	53.70559950517145	0.01	0.05	18518236	86.21745144126291	13.78254855873709	5
M301138	3863706	3632442	53	14.134764494084775	0.2	7.42	2517588	75.07152045601335	24.928479543986654	2
M301139	23044788	21747666	52.5	45.68422676774422	0.03	0.14	19827121	91.35073214674708	8.649267853252923	5
M301140	8199558	7832106	52	10.26212091835352	1.83	1.14	6934250	91.27224499777948	8.727755002220519	3
M301141	25554856	24465516	52.5	39.80733309231567	0.06	0.25	22694095	93.0695237176604	6.930476282339598	5
M301142	10003650	9633596	53	10.989579934069699	0.95	3.08	8077042	87.4012183084311	12.598781691568902	4
M301143	25415352	24644642	52	59.67416016345534	0.35	0.11	22871052	93.25646125011406	6.743538749885943	5
M301144	22040448	21367132	51	50.348827023305546	0.02	0.1	19828355	92.93228156946071	7.067718430539287	5
M301145	807632	695458	53	19.78401053945361	38.32	25.47	113570	35.918276985356904	64.0817230146431	1
M301146	20869540	19534282	54	15.433776282098055	0.16	20.47	10240734	66.18015246969341	33.81984753030659	2
M301147	5427462	23316	76.5	2.4528504568966487	0.44	63.62	257	3.094894026974952	96.90510597302504	0
M301148	6720474	5757198	53.5	18.460514763322827	0.03	0.63	4495698	78.63386863693654	21.36613136306346	3
M301149	2345602	1766584	57.5	23.560020427162854	0.53	2.18	1490091	86.74263460295838	13.257365397041625	3
M301150	547422	286698	63.5	27.199674108822812	0.6	35.63	30863	16.94335562216586	83.05664437783415	0
M301151	5460564	4691078	55	17.96237185982517	0.11	3.3	3798129	83.86016097601257	16.139839023987435	3
M301152	21371268	19688404	52.5	33.762778056211936	0.03	0.23	18165650	92.53781204732468	7.462187952675322	4
M301153	19468704	18672218	54.5	58.93783010675246	0.02	0.11	13922450	74.66728492312339	25.33271507687661	4
M301154	21823800	20083004	51.5	39.78687731662567	0.08	0.14	18498169	92.334504217459	7.665495782541001	5
M301155	1959662	1524852	55	13.196865817770167	0.11	3.36	1330081	90.40949608951765	9.590503910482354	3
M301156	618230	404672	59.5	17.86212251103958	0.77	24.4	99426	32.88005555739277	67.11994444260722	1
M301157	20858918	19254730	51.5	41.017475835944495	0.02	0.14	17741636	92.31261850203028	7.687381497969724	5
M301158	18547654	12667430	58.5	25.698582667192426	0.04	0.37	11614686	92.10313419222456	7.896865807775441	4
M301159	21692644	19430698	52.5	31.670814492820416	0.05	0.16	17691202	91.27138540859046	8.728614591409539	4
M301160	618120	380610	61.5	15.420144955672038	9.8	27.12	32043	13.06981335247667	86.93018664752333	0
M301161	16131838	15092886	50.5	47.02020486482377	0.04	0.16	13929469	92.5213404986858	7.478659501314198	5
M301162	33272242	31893034	51	44.15071308070607	0.33	0.08	29307531	92.29680049853918	7.703199501460816	5
M301163	20155448	18431340	52	70.46935569647039	4.38	0.05	16328108	92.7460967431726	7.2539032568274	5
M301164	25701672	24610210	50.5	47.8214730756204	0.07	0.08	22705157	92.41686691200282	7.583133087997183	5
M301165	1650666	982582	61.5	10.640674733713542	0.21	7.01	684865	75.16407656174546	24.83592343825454	1
M301166	18168272	16471762	51.5	52.966953614806485	3.23	0.14	14692324	92.36368107798334	7.636318922016656	5
M301167	368180	261990	55.5	14.632245097506653	0.68	38.21	21756	13.585782262798338	86.41421773720167	1
M301168	24598418	23221920	50.5	19.33799747931269	0.3	0.16	21314565	92.2368323230421	7.763167676957906	4
M301169	17945292	17093738	50.5	32.95469786037441	0.21	0.12	15794437	92.7365629941209	7.263437005879098	4
M301170	479886	373412	54	12.979749357138987	0.17	23.34	191655	67.17335987718795	32.82664012281205	1
M301171	6981916	6248182	55.5	26.93954917301295	0.19	0.19	5827601	93.63205417534684	6.367945824653162	3
M301172	19966204	18399186	51	33.55919687062945	0.03	0.12	16973646	92.40260940742854	7.5973905925714575	4
M301173	21020644	19368836	51.5	23.437776917240996	0.05	0.19	17790783	92.10193138413015	7.898068615869846	4
M301174	1955468	645676	69.5	8.138767803922129	0.52	37.06	30888	7.675600992003339	92.32439900799666	0
M301175	1723954	1368268	54.5	13.62189586549125	0.09	7.42	1006056	79.57755057164508	20.422449428354923	2
M301176	3192602	22582	77	3.097567438722396	0.24	56.31	848	8.742268041237114	91.25773195876289	0
M301177	22119696	20615772	51.5	33.4502336294927	0.34	0.13	18939356	92.3213966255236	7.6786033744763955	4
M301178	16964248	15977260	51	24.663775929934772	0.16	0.31	14541396	91.46725176604798	8.53274823395202	4
M301179	22637930	21945718	50	63.27582525176098	0.02	0.03	20264910	92.39505739643845	7.604942603561554	5
M301180	809598	230450	69	9.715809574628395	0.2	37.12	36510	25.32497260102937	74.67502739897063	0
M301181	27461194	26188474	50	45.85090218575205	0.03	0.08	23759932	90.84220755148658	9.157792448513419	5
M301182	23728920	21139854	52	36.351244585739636	0.02	0.11	19549827	92.61359975714652	7.386400242853483	5
M301183	2137902	310164	72	6.251034893086775	0.05	26.44	134071	58.88675134840739	41.11324865159261	0
M301184	26828348	26058968	50	41.79125236065394	0.02	0.07	24077280	92.49199035669756	7.508009643302444	5
M301185	18507820	17279754	51	23.370468191115584	0.03	0.25	15857287	92.06273575517945	7.937264244820554	4
M301186	422514	18072	76	5.2672810841770925	0.04	16.07	476	3.141914191419142	96.85808580858085	0
M301187	4110364	2909606	58.5	49.15448633058289	0.13	0.03	2491077	85.75838571283981	14.24161428716019	4
M301188	10786036	9977952	53	44.42222893552358	0.01	0.02	8552118	85.7399024912552	14.260097508744806	5
M301189	1486672	923966	60.5	31.845343274256102	0.03	0.23	773417	83.93331929772775	16.06668070227225	2
M301190	525722	137144	68	18.82496832926908	88.52	3.04	668	4.786471768415019	95.21352823158497	1
M301191	11528762	10835558	52	35.54995627237163	0.01	0.04	9288163	85.76177333915656	14.238226660843438	5
M301192	24762894	23081856	52	36.38221845708594	0.01	0.02	19944640	86.44098134930111	13.559018650698889	5
M301193	45115206	44005262	51	36.372542884584675	0	0.02	37705819	85.70649668637536	14.29350331362464	5
M301194	7814294	7513574	50	42.071780168780315	0	0.15	6413541	85.49135587743815	14.508644122561847	4
M301195	16705750	16015774	52	41.93537144847295	0.01	0.03	13703771	85.60345572883091	14.396544271169091	5
M301196	135022	21546	71.5	14.68723615410822	12.16	18.01	683	4.4172810761867805	95.58271892381322	0
M301197	246402	9650	77	6.522674328942135	0.45	24.24	401	5.518854940820258	94.48114505917974	0
M301198	17688822	16481386	52	39.65277038258832	0.35	0.03	13973340	85.11454519982213	14.885454800177868	5
M301199	12961030	12609236	51	54.30440157141564	0.02	0.54	10808105	86.2029072940127	13.797092705987296	5
M301200	14787112	13830720	52	45.719228397284375	0.07	0.03	11896166	86.10222629341168	13.897773706588325	5
M301201	8845368	8436574	52	43.58238508936549	0.03	0.06	7186647	85.26262701041995	14.737372989580052	4
M301202	18297112	16511564	53	33.578801032962545	0.01	0.03	14073249	85.27517709146805	14.724822908531948	4
M301203	20877078	18252802	53.5	35.22310585745034	0.01	0.06	15668189	85.90781722098691	14.092182779013086	5
M301204	1707226	1340246	56	73.94963273959652	0.02	0.03	1159863	86.59649033737796	13.403509662622042	4
M301205	996738	453530	65.5	25.046732825805414	0.06	0.6	372588	82.70911028236547	17.290889717634528	2
M301206	3557858	2790384	55.5	36.47241107957246	0.01	0.11	2305873	82.74962803680229	17.250371963197708	4
M301207	1935000	5608	77.5	2.6595348837209305	0.19	23.09	133	3.1031264582361175	96.89687354176388	0
M301208	8241348	7415316	52	27.67979782491343	0.11	0.06	6383865	86.25159191866022	13.748408081339775	3
M301209	1679660	492762	67.5	10.059000035721514	91.25	2.38	1823	4.709864103756523	95.29013589624347	1
M301210	18899910	17134670	52	53.163388230983685	0.01	0.06	14689518	85.80666755455239	14.19333244544761	5
M301211	34808450	33837436	50	30.05731073269093	0.01	0.02	29192767	86.30542032993867	13.69457967006133	4
M301212	64154840	62239988	51	31.189457269287487	0	0.01	53418317	85.84425016156165	14.155749838438354	4
M301213	728336	126984	72.5	13.375282836493048	0.32	4.55	86560	71.67698983140671	28.323010168593285	1
M301214	6399700	5840818	52	53.511484617656116	0.02	0.06	4967511	85.13160708924069	14.868392910759312	4
M301215	2430908	352180	73.5	12.042382280749871	0.02	0.56	293997	83.98138679250673	16.018613207493274	2
M301216	37691894	35241972	53	35.49595208932533	0.01	0.01	30329797	86.08280864001307	13.91719135998693	5
M301217	681984	36696	75	4.621516047297297	0.34	16.98	154	0.5082172793874992	99.4917827206125	0
M301218	828890	55862	75	5.739000349865483	39.74	9.59	3113	10.269860121404063	89.73013987859593	0
M301219	26703822	24316784	53	28.034318543497115	0.03	0.03	21051584	86.6263220013232	13.373677998676797	4
M301220	125968	67254	52.5	51.744887590499175	0.02	0.33	55653	83.09394409937887	16.906055900621126	4
M301221	799018	62922	76	4.570234963417596	0.03	8.31	29397	51.00458047053925	48.99541952946075	0
M301222	3567672	2804914	55.5	50.88366531572274	0.06	0.06	2396091	85.5328896453447	14.467110354655304	4
M301223	36858972	30573108	55.5	19.283268072839384	0.01	0.02	26305854	86.08016514289596	13.919834857104036	4
M301224	13456704	11739972	53	29.219494586677783	0.02	0.04	10027191	85.47387014595321	14.526129854046786	4
M301225	7281544	5935714	53.5	25.473733329810457	0.02	0.08	4994074	84.2261328533718	15.773867146628206	3
M301226	4745660	1292636	71	9.745667907525576	0.01	0.01	1120382	86.7042566561522	13.295743343847803	2
M301227	986246	493060	65	18.28874337639899	0.01	0.01	427346	86.69823416755932	13.30176583244068	2
M301228	1675814	3346	76.5	2.1915319957942825	0.24	12.4	160	5.4945054945054945	94.50549450549451	0
M301229	17231078	16234562	50	29.059011946482883	14.63	0.08	11744887	85.07450048220213	14.925499517797874	4
M301230	1224694	80866	75.5	5.0574265898257025	0.02	0.09	66482	82.31841707733835	17.681582922661647	2
M301231	1112550	55610	76.5	4.646712507303043	0.03	0.02	48807	87.84557235421167	12.154427645788331	2
M301232	393782	346	78	3.1997399576415377	0	0.58	228	66.27906976744185	33.720930232558146	1
M301233	35412012	33727764	52	28.578549509869656	0.02	0.03	29346449	87.05773620123658	12.94226379876342	4
M301234	897042	211446	70.5	10.392044073744596	89.95	1.22	1569	8.516990554771468	91.48300944522853	1
M301235	4688402	3750968	53	24.12964848359416	95	0.54	548	0.36104412907986455	99.63895587092014	2
M301236	1192412	909906	52.5	31.01739614275936	94.81	0.62	293	0.7572233421202254	99.24277665787977	2
M301237	1795928	1012160	58.5	37.52367961651274	95.03	0.49	1207	3.047671952328048	96.95232804767195	3
M301238	1402656	482118	66.5	20.667189967836944	92.94	0.86	79	0.2666576655640316	99.73334233443597	1
M301239	1661694	108628	76	3.896987050564063	12.47	21.24	342	0.4592823377739579	99.54071766222604	0
M301240	3546094	2476810	57.5	18.21889473502869	38.32	0.42	4630	0.30693555016374313	99.69306444983626	2
M301241	2133642	29202	77.5	2.56041079056374	0.87	16.74	204	0.8482328482328482	99.15176715176715	0
M301242	10458364	9729228	45.5	27.193921615059544	96.13	0.68	2574	0.86818086764120594	99.1318191323588	3
M301243	1318528	1004374	54	25.248098110046477	92.47	1.54	341	0.5077124650110179	99.49228753498898	2
M301244	1478784	869510	58.5	12.653639747251795	66.24	1.36	4141	1.4577803437277776	98.54221965627222	2
M301245	971326	536256	61	16.32047324996963	61.34	19.29	843	0.5135609328167263	99.48643906718327	0
M301246	411500	55198	75.5	7.431348724179831	1.91	12.8	1732	3.674785708223712	96.32521429177629	0
M301247	1589058	1089430	58.5	15.893621952106583	87.45	1.2	812	0.6460955775871673	99.35390442241284	2
M301248	2581266	2215104	50.5	23.415962093639223	94.61	0.83	823	0.8285012482886366	99.17149875171137	2
M301249	543690	244096	64.5	10.153764093509169	53.61	6.65	697	0.6653683868873742	99.33463161311262	0
M301250	2598990	1442822	60.5	19.591021606983432	91.16	1.97	2702	2.3322860200946036	97.6677139799054	1
M301251	7243132	6488384	48	16.830563839260954	93.28	7.33	4204	1.188262096021979	98.81173790397803	1
M301252	6512540	5605068	50.5	16.216808752835085	80.91	41.2	2975	0.5015983706061669	99.49840162939384	1
M301253	1678570	76826	78	3.5470072740487444	0.1	15.17	419	0.6443774606299213	99.35562253937007	0
M301254	346574	21564	76	4.375977424734689	0.05	10.39	633	3.2835356364768127	96.71646436352319	0
M301255	2834520	2211234	60	14.057047341723717	63.07	8.4	2193	0.3181248476830415	99.68187515231696	0
M301256	70122736	67247180	43.5	51.73368534692354	97.18	0.44	562	0.04083922425820854	99.9591607757418	4
M301257	406622	192266	66	11.245579432495045	14.01	19.09	1016	0.7648644172425735	99.23513558275742	0
M301258	1519160	1070698	57	18.575094641904744	86.44	2.8	14350	11.012201672933774	88.98779832706623	2
M301259	3608056	3348008	51	13.970334241009272	12.11	58.25	10618	0.8775308144061171	99.12246918559389	1
M301260	193820	68940	68	13.488288102363015	0.12	15.55	939	1.6170696424881177	98.38293035751188	0
M301261	42182008	40521666	47	13.798057563066408	95.21	0.82	16188	1.049454268221529	98.95054573177848	3
M301262	14850188	14143816	50	13.602134979819756	93.69	0.82	4963	0.6513311407940912	99.34866885920592	3
M301263	529366	232658	66.5	11.346214150512122	44.16	5.68	2397	1.9778206841922867	98.02217931580772	0
M301264	456298	241806	61.5	23.718929296205552	60.52	7.36	3625	4.15092179090805	95.84907820909196	0
M301265	4119510	3767874	51	12.772032466711057	81.92	2.19	9115	1.4188625438967897	98.5811374561032	2
M301266	10484894	1243480	74	5.06881028887403	93.1	0.9	8330	11.03662091260798	88.96337908739201	2
M301267	772242	48826	76.5	3.220622550962004	50.61	8.65	124	0.5715339233038348	99.42846607669617	0
M301268	3335814	1840586	59	12.364788686664367	92.6	0.96	1507	1.248591502618148	98.75140849738185	2
M301269	1323382	28704	77.5	3.427581756439184	1.74	16.53	235	1.0010223206679163	98.99897767933209	0
M301270	61458290	55934330	45	20.889518746189488	97.24	0.4	480	0.04352730794482188	99.95647269205517	3
M301271	3875854	3044434	50.5	18.72157465249426	95.92	0.66	994	0.9853486389500188	99.01465136104999	2
M301272	585680	7472	76.5	3.801051768884032	0.06	13.88	199	3.1035558328134747	96.89644416718653	0
M301273	364470	141572	66	9.289927840425824	51.74	9.35	410	0.6686018068556147	99.33139819314438	0
M301274	1236534	125854	74.5	4.7411555201878794	2.77	17.87	551	0.5502186894609654	99.44978131053904	0
M301275	9840392	8158902	49.5	14.082262715277743	94.57	0.71	1834	0.5040621804949375	99.49593781950506	2
M301276	3606226	2847772	52.5	12.984359882022886	93.53	8.63	3938	2.719425454043229	97.28057454595677	1
M301277	849366	246102	69	9.308825641713938	82.12	5.62	488	1.26072129792291	98.73927870207709	0
M301278	5762046	2270700	64.5	10.576351342463743	92.58	0.97	513	0.38242485687022904	99.61757514312977	1
M301279	1468508	384298	69.5	6.85008185178426	75.33	5.71	291	0.3438090737240076	99.656190926276	0
M301280	44355432	41690960	45	18.65648666593215	96.94	0.45	654	0.0679542649094151	99.93204573509058	3
M301281	46591392	43746574	43	60.8396339963613	97.5	0.4	711	0.0904759723303862	99.90952402766962	4
M301282	23621430	18541414	55.5	18.379852492056312	0.03	0.08	15807830	85.36110435820427	14.638895641795727	4
M301283	18571602	14156098	56.5	15.70918356160238	0.14	0.07	11987742	84.86499252212037	15.135007477879626	4
M301284	5295806	47552	77	2.3312598686583303	0.3	11.2	2761	6.588869797632685	93.41113020236732	0
M301285	11151732	7330240	60	16.386634843454722	0.77	0.05	6267625	86.22583661124844	13.77416338875156	3
M301286	3237530	46408	78	2.133200310112956	0.08	10.73	279	0.6751851314069987	99.324814868593	0
M301287	16073384	13384312	55.5	20.207908456796964	0.01	0.02	11442372	85.52347379346087	14.476526206539134	4
M301288	1813606	34682	76	1.9736921911374354	0.04	16.69	217	0.7528970924987857	99.24710290750122	0
M301289	15702974	12739916	55	24.83106373757083	0.02	0.02	10895210	85.56580248573485	14.43419751426515	4
M301290	4012748	73284	77	2.35280162123313	0.27	18.84	372	0.6283571500962805	99.37164284990372	0
M301291	13642870	43698	78	1.2857794618938096	0.2	17.12	406	1.1264635702791188	98.87353642972089	1
M301292	23075338	16338258	58	24.456167663829618	0.02	0.03	13958725	85.48857508640279	14.51142491359721	4
M301293	2274650	4390	78.5	1.6129074802716903	0.13	10.21	111	2.8287461773700304	97.17125382262996	0
M301294	2123976	27328	77.5	2.280392998790947	0.04	11.33	315	1.3044558555573962	98.69554414444261	0
M301295	5227518	4456454	54.5	49.42892294792378	0.01	0.76	3829611	86.61217461159654	13.387825388403456	4
M301296	27402166	24911092	53.5	39.64242485051683	0.02	0.02	21403983	85.96064104745157	14.039358952548426	5
M301297	6609614	5748094	55	42.571945379692686	0.01	0.09	4830506	84.130709055278	15.869290944721996	4
M301298	11777280	10318504	57.5	19.529145668403984	0	0.1	8908618	86.43695643483738	13.563043565162616	4
M301299	517116	97456	73	6.180238089712946	0.65	16.08	2627	3.2433700429650845	96.75662995703492	0
M301300	6721280	43330	78	2.035190109325709	6.75	12.08	332	0.9500372002518171	99.04996279974819	0
M301301	8183878	6902802	55.5	17.838708922907472	0.01	0.06	5895594	85.4765661223298	14.5234338776702	3
M301302	22473166	16620262	56.5	23.30869997097544	0.03	0.06	14106646	84.95309125119586	15.046908748804142	4
M301303	15471546	8029080	63	25.2608212656749	0.22	0.03	6775640	84.62141395208495	15.37858604791505	3
M301304	2077188	934592	64	12.6460699994233	0.01	0.8	740286	79.86945310561352	20.130546894386484	2
M301305	26335090	24040008	54	23.70760071571601	0.03	0.06	20723280	86.28377556345588	13.716224436544124	4
M301306	3708420	2183888	62	42.08431583277797	0.05	0.14	1820594	83.52950244588182	16.470497554118182	3
M301307	2056794	42832	77	3.4957803260802978	0.09	13.18	1250	3.372180856803712	96.62781914319629	0
M301308	1745162	242716	74.5	5.0331144042788	0.03	4.1	159855	68.76666953454358	31.23333046545642	1
M301309	1814446	63948	77.5	2.5819451226434955	0.03	17.13	361	0.6838675456543154	99.31613245434569	0
M301310	22047172	15845020	57.5	18.771266976356998	0	0.08	13454245	84.99033247834979	15.009667521650215	4
M301311	21018634	18627832	53	24.01634660679838	0.67	0.49	15766726	85.64828737387477	14.351712626125234	4
M301312	29490128	25882220	54	25.789658189476796	0	0.04	22196889	85.7995489558123	14.200451044187702	4
M301313	35952390	33830966	51	32.164837199713816	0	0.03	28561740	84.45426530152417	15.545734698475826	4
M301314	56099234	51551458	53	24.945631122404265	0	0.36	44022634	85.72097463239352	14.27902536760648	4
M301315	48840902	42471450	54.5	32.67842412753805	0.01	0.02	36419806	85.78291173626245	14.217088263737551	4
M301316	49932770	46034770	53.5	28.290994555552942	0.08	0.05	39335027	85.56054965964826	14.43945034035174	4
M301317	38593026	35638864	53	24.749686281298754	0.01	0.03	30635306	85.99959643615168	14.000403563848323	4
M301318	23852646	19746716	55.5	21.95220672585007	0.01	0.04	16869141	85.47772930809171	14.52227069190829	4
M301319	5644404	32842	78	1.559243455996417	0.01	10.91	178	0.6090050636376078	99.39099493636239	0
M301320	2197420	8618	77.5	2.07739075825286	0.01	9.7	113	1.457312354913593	98.5426876450864	0
M301321	1738740	258170	73.5	6.380827495772801	0.04	84.81	240	0.6298551333193365	99.37014486668066	0
M301322	19823580	14560170	58.5	18.83924719773513	0.4	0.05	12350344	85.21986457664158	14.780135423358416	4
M301323	40042522	36198718	52.5	16.823823743640524	0.01	0.03	31205323	86.25007780530554	13.749922194694463	4
M301324	42902656	38868110	52	22.209219539370892	0.37	0.02	32877597	84.92848591819984	15.07151408180016	4
M301325	9834130	8360170	55.5	19.89140814239331	0.01	0.05	7170035	85.81750046080302	14.182499539196982	3
M301326	30101098	19521868	60	16.819956622151956	0.01	0.04	16570707	84.94829192011653	15.051708079883468	3
M301327	2355068	1684946	59	15.729552186689627	0.18	0.44	1417377	84.65105806581079	15.348941934189213	3
M301328	698222	99412	75.5	5.378518580050471	0.01	8.82	1413	1.5599125654103465	98.44008743458966	0
M301329	42626994	39599416	52	20.255301698163308	0.01	0.03	33831592	85.46901155179462	14.530988448205377	4
M301330	3839070	1750884	63.5	10.160592970821783	92.81	1.26	898	0.8439373719527095	99.1560626280473	1
M301331	7349502	47378	78	1.9588774515112197	8.69	6.73	4302	11.00931518067356	88.99068481932645	0
M301332	4322924	2915832	53	18.392835987269955	94.96	0.58	458	0.44986641521294984	99.55013358478705	2
M301333	1133302	72968	77	3.0843499790876576	41.83	12.65	854	2.3197696528494594	97.68023034715054	0
M301334	2712726	214298	75.5	3.667565393629877	57.94	6.77	983	1.1853084454733998	98.8146915545266	0
M301335	4649368	1356324	68	17.451248302493052	95.51	0.69	169	0.3328606318443237	99.66713936815567	1
M301336	6278524	2582372	64	12.784608636094095	94.7	0.65	715	0.6394776853590913	99.3605223146409	1
M301337	9821024	6717594	54.5	13.174789310961323	92.92	1.13	2843	0.6760002092438213	99.32399979075618	2
M301338	433906	111828	69	14.369471728899807	81.47	5.3	989	5.251699235344095	94.74830076465591	0
M301339	304268	89008	68	16.68298999566172	62.79	10	8142	27.720277815606696	72.27972218439331	0
M301340	508784	45606	75.5	6.083721186200823	5.92	34.21	174	0.6193934216146946	99.38060657838531	0
M301341	1877262	37242	80.5	5.007718688174586	9.09	3.97	540	1.7777192520410852	98.22228074795892	1
M301342	2437622	1645166	55.5	23.249914599720228	93.33	0.84	5275	5.489188120460364	94.51081187953963	2
M301343	507628	17432	77.5	4.150874262255037	5.04	15.57	291	2.0887166236003445	97.91128337639965	0
M301344	814018	335292	64.5	15.371158868722805	85.77	2.03	493	1.115687516972934	98.88431248302706	1
M301345	9517976	8862882	45	29.967839567512684	96.48	0.61	12577	4.924933626759184	95.07506637324082	2
M301346	5109330	252642	76	3.920217663379487	56.39	10.23	548	0.5640297247781964	99.4359702752218	0
M301347	11980100	6999820	58.5	15.6704994242838	96.35	0.63	1028	0.49679115441119615	99.5032088455888	3
M301348	2173140	804900	67.5	10.945522115333382	80.02	1.9	41893	27.549222048321127	72.45077795167887	1
M301349	826306	84126	75	4.177992172391342	2.42	29.93	487	0.8503876510442132	99.14961234895578	0
M301350	1150820	276286	70.5	7.815036235032412	2.18	51.98	680	0.5269112154601949	99.47308878453981	0
M301351	22266604	17037216	52	18.622866641206414	96.37	0.49	32790	6.596709491294919	93.40329050870508	3
M301352	7569978	4717644	57.5	15.326167306297663	92.34	0.84	52910	16.377154318541997	83.622845681458	2
M301353	2858320	508190	72	5.860583030750753	80.29	5.06	1030	1.1172093628652624	98.88279063713473	0
M301354	63640770	60498132	43.5	41.85130277082594	97.28	0.4	7034	0.5796523404472733	99.42034765955273	4
M301355	586478	19114	77.5	3.615821906363069	0.01	12.05	513	3.059763807706072	96.94023619229392	0
M301356	2849960	1158558	65	9.348454171233278	84.13	2.58	21006	12.300899465942097	87.6991005340579	1
M301357	2443402	1365062	60.5	10.679650664520683	91.3	1.47	2010	1.858976730420628	98.14102326957938	1
M301358	15223312	14291834	47	15.227539484043684	95.09	0.7	17622	2.978349417749759	97.02165058225025	3
M301359	19184664	13939364	52.5	13.706083857637946	96.28	0.59	10318	2.4526256738896866	97.54737432611032	3
M301360	24518518	22492072	45	14.036522603309901	96.85	0.54	1017	0.1766821285245218	99.82331787147548	3
M301361	8426948	2277884	69	5.6745927151248345	90.19	1.87	1513	0.7408822031574411	99.25911779684256	1
M301362	3544754	34540	76.5	2.057632208046031	0.45	29.97	1002	4.181271907861793	95.8187280921382	0
M301363	971518	48198	77	3.6849548850355833	18.93	13.3	346	1.0319117208470028	98.968088279153	0
M301364	10375210	7968774	67	27.166845036255744	0.1	0.13	8779	0.11042906200077988	99.88957093799922	2
M301365	5955002	3267870	58	13.441952719215681	96.34	0.55	1269	1.270702741673843	98.72929725832616	2
M301366	2169718	37662	77.5	2.7561185370633416	15.82	10.78	496	1.760613374982252	98.23938662501774	0
M301367	7167532	278082	77	3.3006701880625013	90	1.83	486	1.926125554850983	98.07387444514902	1
M301368	5341400	1590762	67	13.405444959575366	92.22	0.73	307	0.27003254463893045	99.72996745536106	1
M301369	2051022	48168	77.5	2.9858285284116897	0.13	22.2	79	0.2115353719273818	99.78846462807262	0
M301370	3746572	2925552	50.5	15.976453603830645	91.99	1.63	2169	1.0288104882699478	98.97118951173005	2
M301371	838182	211268	71	7.377753280313822	40.28	12.01	5139	4.719528322680185	95.28047167731981	0
M301372	606072	120294	73	6.625615438429756	15.83	18.51	868	1.0553704739440215	98.94462952605598	0
M301373	1388302	1044762	50.5	14.94110465928933	90.08	2.9	784	0.8268123431271224	99.17318765687288	2
M301374	17880140	16975122	44	16.674297087857568	96.79	0.65	11958	2.72876637305463	97.27123362694537	3
M301375	5106808	4514690	47.5	15.276421787260642	89.27	7.53	70306	16.68581138810306	83.31418861189694	1
M301376	379080	122474	70	8.109897646934684	3.08	17.94	1827	1.879900397176548	98.12009960282346	0
M301377	63393566	61397952	43	49.19749495547471	97.42	0.43	448	0.03720003321431537	99.96279996678568	4
M301474	35364310	101717536	51	73.87436608566153	1.3444222264387782	0.15412699374694416	28859053	85.63546179355028	14.364538206449723	5
M301475	579316	1288266	50	31.348866594397528	0.06800763778085847	51.053175244767814	16776	7.6752038211315154	92.32479617886848	1
M301476	31675684	92491084	52	81.29202252424315	0.01482119838530629	0.09687403690202316	26466718	85.91947084443116	14.08052915556884	5
M301477	30564614	88734808	51.5	75.93454878466557	0.01741979178789542	0.22157112584498023	25261680	85.56146979545666	14.43853020454334	5
M301478	34471734	100671034	52.5	81.40411008638475	0.00842311787248007	0.09931405495866294	28971883	86.4082871882823	13.591712811717699	5
M301479	353866	706972	49	36.59238242724648	0.06509860136641307	59.92030822932789	4073	4.10907770222554	95.89092229777447	2
M301480	29819320	86378978	51	75.76405631332923	0.4136017802082847	0.13247139428663135	24664326	85.88286656672666	14.117133433273338	5
M301481	30031620	86587364	50.5	32.133123919458335	0.02352867750882118	0.8841894161285561	23604756	82.35061398852235	17.649386011477645	4
M301482	32480158	93847762	50.5	58.11378835474146	0.00903785545677928	0.1804742042144471	26780550	85.74510776254562	14.254892237454385	5
M301483	13233384	37437968	51.5	24.66346499363093	0.0302128438434749	5.701666004638951	8358872	70.12155315704499	29.878446842955015	2
M301484	32838348	95125718	50.5	53.55916646593765	0.00472682064841643	0.15645614537649333	27156739	85.76302158057996	14.23697841942004	5
M301485	29581048	85026680	50.5	53.827250141313925	0.02036738965261901	0.2408152305285257	24249764	85.74040156032785	14.259598439672146	5
M301486	30209502	87464166	50.5	58.18616085803601	0.00157551954983433	0.3147592960919786	24866456	85.51820205008814	14.481797949911865	5
M301487	33080790	91789466	52	34.874107430509035	0.01011410418022903	0.4674837024928548	25695799	84.3276123173098	15.6723876826902	4
M301488	645518	1527142	50	28.253898419563825	0.04214713300713208	42.78937600337563	77960	24.914352917114076	75.08564708288593	1
M301489	34816070	100656016	50.5	53.22431949863127	0.07689405623824158	0.22529238589307665	28609078	85.45062574812776	14.549374251872237	5
M301490	38355604	110499436	50.5	38.65796975337799	0.06304438810170808	0.5040107585327219	31440414	85.72558086905072	14.274419130949283	5
M301491	34954500	99644228	51.5	15.223292052101726	0.00916163640407796	2.8996844747588746	27582037	84.85200540502427	15.147994594975728	4
M301492	4374094	10089168	50.5	8.990473529036684	0.30687703888921775	50.17405716617528	168048	9.357074210471806	90.64292578952819	1
M301493	39544690	113642892	50.5	19.02132568858136	0.00252794788285941	1.085693274379626	32144268	85.61926391806189	14.38073608193811	4
M301494	37402080	107969136	50.5	21.632726312517306	0.0749024283492228	1.0875541806632802	30362290	85.14175341207323	14.858246587926772	4
M301495	3051696	6918490	50	10.390055664389429	0.09712685694541302	50.12377665877611	53998	4.397926056722317	95.60207394327769	1
M301496	51636884	149431586	50.5	19.989364950256192	0.0239825454177215	0.5380922864621829	42119259	84.92225424404013	15.077745755959867	4
M301497	39311146	112648732	50.5	20.164399922675145	0.21172317744150423	1.6194173467198738	31454084	84.89326563985692	15.10673436014308	4
M301498	36202504	69838398	43	9.204971312871983	0.05559691395628523	74.43938777998027	120370	6.177528106033623	93.82247189396638	2
M301499	38832506	109762144	50.5	14.609600408100496	2.1217031578333287	1.935445199429774	30539957	85.41917997248011	14.580820027519891	4
M301500	4863138	11479450	50	8.650677790093997	0.06958779919837965	46.21540553892047	565558	25.425513358377103	74.5744866416229	1
M301501	21412116	59364560	51.5	8.074099592592265	0.535987585512501	9.741797115182164	14185544	77.78300880666194	22.21699119333806	3
M301502	17913370	45851362	58.5	9.710637453285386	0.06865323601880553	21.867332014480724	67628	0.5450955585689976	99.454904441431	2
M301503	39266912	111366756	50.5	17.041229409211418	0.0841875658931741	3.9394570236135062	30336540	84.54913282940689	15.450867170593114	4
M301504	36422922	104239186	50.5	12.969176900555269	0.01918855007929386	2.3775416878298716	28311935	83.05511331950447	16.94488668049553	4
M301505	38237764	109707674	50.5	18.533416072172738	0.02738712825629177	1.5108811663088149	30388446	84.07483158858761	15.925168411412386	4
M301506	44458654	126587876	50.5	16.9762804742604	0.00798126016944397	3.4863903218652967	34051166	82.94821022648934	17.051789773510663	4
M301507	20368596	46825220	49.5	5.027279589315926	0.04527553528920094	53.5949019676625	572677	7.3392239154249594	92.66077608457505	2
M301508	38341118	104207304	49.5	13.136024894055053	0.01257045552908009	14.86057494778358	25621244	83.75140208141876	16.24859791858124	3
M301509	38474848	109270772	51.5	17.9638586689625	0.00855057134329148	1.9175666451719031	30376888	84.64791997806397	15.352080021936032	4
M301510	39550274	111343518	50.5	12.271634076343602	0.22662302902860285	5.167893615609572	28998972	81.52189570202455	18.47810429797545	3
M301511	28016840	69970406	51.5	5.1370193739704355	0.10371727564529926	36.28980862304652	4842160	29.84876263645248	70.15123736354752	2
M301512	9514254	21746712	49.5	5.545438200789803	0.03291938381779033	54.8997892549548	30350	0.8480581563914246	99.15194184360857	1
M301513	36932030	105187028	50.5	10.914876608999922	0.20308509167421623	4.537364332389152	27736399	82.09916700262431	17.900832997375687	4
M301514	42344320	118076148	51.5	8.181007169566708	0.0128220433247319	10.1954377655431	27895971	77.05510368225774	22.944896317742263	3
M301515	36272466	98093108	50.5	7.007714698678283	0.01740030967023649	15.55744230149564	20345229	71.0360695767862	28.963930423213796	2
M301516	37314644	97000786	51.5	6.146765182471886	0.03119341549070712	26.068538638546624	14667245	57.66749853995583	42.33250146004417	2
M301517	16356646	38019952	50.5	5.142436401768114	0.04942912686173553	51.267027004861745	91385	1.3470499480843692	98.65295005191562	2
M301518	21027030	49888654	50	5.432190643344203	0.03825083458178423	46.16246913915298	2014462	20.61047021406032	79.38952978593969	2
M301519	41147404	104637996	53	7.362794544278305	0.13399796542868891	27.691438845805465	8269555	31.00252412366106	68.99747587633894	2
M301520	27412384	71025866	56.5	7.146257861863813	0.08639366696392943	25.440885823152776	303951	1.618196874097936	98.38180312590207	2
M301521	38255956	108157976	50.5	10.219578143944023	0.01436908272813456	5.655501024485107	26774031	77.63702728068145	22.36297271931855	3
M301522	28554328	83522346	52	84.33981322793922	0.1620389580646103	0.08533177966019484	23959869	86.16968615864874	13.830313841351256	5
M301523	27824138	80951936	51	84.37598846035789	0.04805593417470098	0.08605138922856868	23220854	86.1365597818785	13.863440218121497	5
M301524	29783814	86489802	51	82.57631525598698	0.03631976027849216	0.1117708624493598	24740627	85.91359991710277	14.086400082897228	5
M301525	1659328	4039420	51.5	24.847181214006664	1.280940289640088	38.92782571314521	216902	24.36121200685567	75.63878799314433	1
M301526	52571864	152734096	51	70.32173164814552	0.00399234067282834	0.13601022866658338	43744960	86.02697621224597	13.97302378775403	5
M301527	32675656	95074538	50.5	71.96239725902433	0.00250293874640596	0.2297027824954209	27116746	85.72067940905316	14.279320590946838	5
M301528	26153824	76020038	50.5	83.97432774656033	0.11031254827898238	0.1001989771400462	21684522	85.6831975990948	14.316802400905203	5
M301529	900600	2017928	48.5	24.341594425583448	0.04563946214936382	58.354247171413064	3172	1.085231005036129	98.91476899496386	1
M301530	39301632	114750050	51	77.5569325596482	0.04715670706078048	0.12630505289213584	32841443	85.96440204046023	14.035597959539771	5
M301531	46006914	133864538	50.5	69.40837809994221	0.00557828272096732	0.4416951762764847	38291806	86.13508700808083	13.86491299191917	5
M301532	41985962	121437276	51.5	64.97781435351675	0.00172237080343613	0.2544398248728134	34455903	85.29795201159754	14.702047988402455	5
M301533	1583022	3909164	50.5	24.449242086193976	0.08921638060049589	39.06554527186279	382189	44.079742572430334	55.920257427569666	1
M301534	2536124	6609130	49.5	24.02065990942081	0.04341978803988115	28.55860548009863	1147464	67.83121291334002	32.168787086659975	1
M301535	39036630	111252714	51.5	54.86933408103789	0.00915602030647237	0.6772824094426617	31357239	85.04673751408846	14.953262485911537	5
M301536	46231592	134711716	50.5	62.192038526075876	0.40361255892163866	0.2078464995301257	38749826	86.56272421242423	13.437275787575771	5
M301537	36987622	107491150	50	73.04937489521987	0.12021363046277654	0.36812747893126263	30460052	85.30604963369713	14.693950366302872	5
M301538	33483028	96391858	50.5	37.923295933428555	0.01245792889785981	0.7907386838153211	27109826	84.90146074668041	15.098539253319586	5
M301539	5491792	12513700	49.5	7.738838969958374	0.03030140584075756	57.23965331516423	15015	0.7514488474281081	99.24855115257189	1
M301540	41547562	118865736	50.5	20.19445303983275	0.00443370137709567	3.1373294251524677	32606542	84.31260357574033	15.687396424259674	4
M301541	37192494	107202816	50.5	34.97864865713134	0.00337367166557445	0.9469125873895738	30304846	85.41738916907074	14.582610830929255	4
M301542	36883754	106163230	50.5	28.40158596381377	0.00622756138813017	1.4204307936513827	29710111	84.88024987098022	15.119750129019778	4
M301543	14367870	32964070	50.5	8.645082818329083	0.4083669202813048	54.41755644410736	149480	2.666536324867895	97.33346367513211	2
M301544	36826172	105680854	50.5	20.43608104237105	0.2744138746550159	2.1965380222425654	29376895	84.88034333884988	15.119656661150117	4
M301545	51558288	149314488	50.5	55.03934697389167	0.0379260107853472	0.3629999572936505	42645006	85.93873255410723	14.061267445892767	5
M301546	7262342	16491204	48	7.637210457462998	0.0413839748427019	54.33228480728561	45635	1.7221911509527807	98.27780884904722	1
M301547	40353760	116610286	50.5	24.240352774362655	0.00189827172107677	0.7159200399261519	33017331	85.419964388741	14.580035611259007	4
M301548	40763394	114488296	51	21.78461515479131	0.00475724913161986	1.6464169239193112	31742423	84.29368215825916	15.706317841740841	4
M301549	53683458	154363624	51	9.95783890771355	0.00307195058058135	2.8556068568376567	42276768	83.98855173158576	16.01144826841424	4
M301550	4495614	10777182	50.5	8.224386634791884	0.0376690520636463	44.54905658447407	616792	28.435309293321765	71.56469070667823	1
M301551	42507072	120786856	51	19.961319844491932	0.0331661484014306	1.8388592749586152	33330574	83.98814822400506	16.01185177599494	4
M301552	6302824	15164100	52.5	7.384136734207946	0.12661274427428118	44.98946154464544	23865	0.779954467522977	99.22004553247702	1
M301553	29818102	85854524	50.5	17.425081156530368	0.00351088440080062	1.866864036127273	23817660	84.42468213394672	15.575317866053283	4
M301554	44521726	124426432	49.5	8.927463128332366	0.671954397248048	6.846275893061295	31818812	81.29978839803083	18.700211601969173	3
M301555	37740440	106327454	51.5	12.192038674929707	0.07174288594310034	5.443084521708547	27072636	79.95255645483005	20.047443545169955	3
M301556	48035452	137369572	50.5	9.283534518066284	0.00401769335310744	3.7855191519279257	37056967	83.29096594410822	16.709034055891777	4
M301557	38651282	109819968	52.5	10.362152198454778	0.01137048120005282	4.606396444148642	28891665	81.78976435034645	18.210235649653555	4
M301558	15851712	36278718	49.5	5.269881086847189	0.05093460668974441	54.93423678177394	47645	0.8159186769941587	99.18408132300584	2
M301559	33827172	76784646	49.5	5.586845276331201	0.04634825759228157	53.82773366733269	129171	1.0436780361002989	98.9563219638997	2
M301560	36495078	104528352	51	10.359606776868278	0.00284349921916608	4.579550495513358	27657055	82.22450727232207	17.77549272767793	4
M301561	41879734	116225276	50.5	7.122255960767108	0.02330276086135217	11.846421945535708	27267632	77.447437962822	22.552562037178006	3
M301562	42762428	114579268	50.5	6.125431310386095	0.22277253129283017	20.162119668373624	21906580	68.30675876017379	31.693241239826207	2
M301563	29463980	66951770	49.5	5.938552619577923	0.04114380487541663	57.01065874874174	75675	0.7112348126578838	99.28876518734212	2
M301564	46789848	133429730	51	9.249628331070927	0.03574690135068408	5.042073414004319	34715237	81.14061634753368	18.85938365246632	3
M301565	46450690	128720066	50.5	8.561787291492298	0.01728902534372452	10.77692797178685	30342277	77.12265185629748	22.87734814370252	3
M301566	40327470	114746896	50.5	9.403995764943014	0.01599041866000394	5.433227766286162	29894982	81.4824233353372	18.517576664662798	3
M301567	41600068	117926956	51	8.447513898159801	0.01118116877449838	7.505033326937172	29226597	78.80046762724737	21.19953237275263	3
M301568	12961372	29031714	48.5	5.084574804282492	0.0524311456164998	59.88632801099216	37332	0.8792233668235194	99.12077663317648	2
M301569	39205194	106864732	50.5	7.480476608509418	0.7887624988006908	15.7062988969595	22948886	73.58519738976948	26.414802610230524	2
M301570	43862910	42561828	50.5	49.07833823943585	0.03	1.22	35771468	85.13883081502198	14.861169184978024	5
M301571	37778018	36808806	50.5	67.70269410562761	0.02	0.77	30694563	84.07031045735613	15.929689542643871	5
M301572	48519284	46781100	50.5	39.71120154027555	0.02	1.46	39196387	85.07496685351748	14.92503314648252	5
M301573	45676734	44480162	50.5	47.38163273961406	0.01	1.34	37146168	84.67781225218071	15.322187747819285	5
M301574	3411756	3287028	57.5	29.434385033598005	0.04	30.79	42868	1.890513562763392	98.10948643723661	1
M301575	3968226	3797548	53	23.774841827267025	0.08	44.04	74388	3.520805447905446	96.47919455209455	1
M301576	48076216	47079266	51	40.20145939248182	0.16	1.62	38157437	82.53397043917381	17.466029560826186	5
M301577	46353568	45148352	51.5	65.3861590855472	0.11	0.57	38257637	85.34017521558425	14.659824784415747	5
M301578	50340662	48879096	50.5	44.730953677720194	0.42	1.67	38539258	80.55322107891392	19.44677892108608	5
M301579	48934136	48002242	50	35.091942880592	0.13	1.06	39826044	83.97941277313944	16.020587226860556	5
M301580	49507664	48021550	50.5	26.054071418887986	0.01	1.87	40123342	85.1853742186241	14.814625781375895	4
M301581	2861104	2730346	53.5	32.400520389219686	0.09	37.37	102440	6.021100890469333	93.97889910953067	1
M301582	48787524	47517210	50.5	33.50614514744687	0.02	1.24	39772058	84.786390708387	15.213609291612997	4
M301583	38901612	37385284	50.5	30.561772772619616	0.02	2.29	30558222	83.70657058112614	16.293429418873856	4
M301584	47520868	46327706	50	41.64249015063431	0.03	1.03	38949320	84.99455676190529	15.005443238094713	5
M301585	3974858	3833598	58	33.24051840289516	0.05	28.2	9312	0.3394479159603948	99.66055208403961	1
M301586	1365986	1315378	49.5	35.102516693392616	0.13	56.98	32358	5.780609109488217	94.21939089051179	2
M301587	45633478	44677910	50	35.441140947531565	0.09	1.37	37437409	85.04588388507034	14.954116114929661	5
M301588	53111318	51865678	50.5	30.75007426526904	0.01	1.42	43480647	85.06650564007191	14.93349435992809	4
M301589	53299414	51804392	50.5	54.73618106473318	0.01	0.59	44109864	85.67968518882901	14.320314811170988	5
M301590	2120054	2005162	47	26.048962041081545	0.08	63.68	168929	23.50728614685844	76.49271385314157	1
M301591	50491772	49032364	48.5	18.40595613315808	0.02	4.34	39399729	84.06701296539893	15.93298703460107	4
M301592	9162502	8851422	48.5	18.47766775773062	0.22	70.48	47985	1.872947895475573	98.12705210452442	1
M301593	45166770	44116850	50.5	51.320623611910044	0.07	1.02	37326737	85.55509205024468	14.444907949755319	5
M301594	59037774	57848020	52	43.703054871811595	0.03	1.82	48983488	86.2961074770552	13.703892522944798	5
M301595	52825034	51361496	50.5	38.85913806647272	0.01	1.65	42802931	84.76670887944539	15.233291120554611	5
M301596	1756920	1674472	49.5	34.906367003319424	0.07	55.78	134872	18.36637425068973	81.63362574931027	1
M301597	57876030	56581560	49.5	20.16672047508095	0.03	2.57	49051750	89.03918295841036	10.960817041589635	4
M301598	53952664	52166840	50.5	30.97651560723701	0.05	1.42	43337461	84.33853869219188	15.661461307808125	4
M301599	37985688	37061928	50	23.845686366694082	0.06	3.02	29672708	82.63864075267769	17.361359247322312	4
M301600	3026286	2925030	49.5	25.61528393109553	0.1	47.1	8134	0.5292981561110706	99.47070184388893	1
M301601	7035276	6757162	49.5	15.860354857141573	0.07	57.93	19917	0.7087834774482514	99.29121652255175	1
M301602	58318572	56904708	50	34.357779411435956	1.68	1.2	47004324	85.0615446906446	14.938455309355405	4
M301603	49757536	48687272	50	59.195305499331596	0.05	0.84	41458969	85.93538369009495	14.064616309905048	5
M301604	54538454	53093968	50.5	35.29416265213047	0.01	1.37	44632490	85.25799735762709	14.74200264237291	5
M301605	5285012	5027512	48.5	20.135456133036687	0.07	41.4	102419	3.4941122848483275	96.50588771515167	1
M301606	49407684	47938960	50.5	45.54981956830591	0.01	0.8	40283463	84.74307846568134	15.256921534318664	5
M301607	4026290	3877686	53.5	20.308947739188447	0.09	44.85	62981	2.9638006068683036	97.0361993931317	1
M301608	64745148	63322132	51	49.664325151071324	0.1	0.59	53829221	85.60796113714464	14.392038862855358	5
M301609	57613690	56443488	50.5	64.36096185223755	0.06	0.43	47994394	85.45869722513825	14.541302774861748	5
M301610	17460588	16881640	51	13.621193617202525	0.2	74.15	75494	1.967946254896144	98.03205374510385	2
M301611	11790000	11345630	46.5	20.661029259469217	0.16	85.71	29709	2.2084797773456315	97.79152022265437	2
M301612	24910070	24179210	48.5	10.779273933385284	0.1	69.51	108278	1.4948913477768535	98.50510865222314	2
M301613	47841718	46348330	51.5	16.073356341903107	0.27	86.24	111455	3.2836898238171	96.7163101761829	2
M301614	52949192	51240388	51.5	19.03128478256368	0.26	86.38	257836	6.941711762647067	93.05828823735294	2
M301615	3597480	3445146	47.5	12.031075587658659	0.08	66.53	14149	1.2438003379156477	98.75619966208436	1
M301616	68559920	66348228	53.5	81.1001515445556	0.28	87.78	77232	1.7756899329747864	98.22431006702521	3
M301617	82694	78706	50.5	80.93452971195008	0.02	9.01	59567	83.56996548724712	16.430034512752883	3
M301618	57331748	56132772	50	44.87376247918283	0.01	0.87	47478364	85.34481590212057	14.655184097879427	5
M301619	5251814	5007002	48.5	19.38593085904121	0.08	59.42	218589	10.871483251304047	89.12851674869596	1
M301620	53531746	52024252	50.5	47.804123565764876	0.01	4.01	42282410	84.72312346172576	15.276876538274237	5
M301621	51121596	50102710	51	46.00384421170271	0.01	1.05	41639715	84.01122828645943	15.988771713540572	5
M301622	58568244	56793492	50.5	29.445800177948108	0.02	1.5	47347264	84.67923387459516	15.320766125404845	4
M301623	33002536	31560330	42	12.344180746642971	0.09	78.7	232707	3.536692345289942	96.46330765471006	2
M301624	25177646	24489664	49.5	13.03927277445013	0.03	14.3	15968332	76.19344181257223	23.80655818742777	3
M301625	50259472	49138712	50	53.92979576548868	0.01	0.87	41435462	85.08434909792089	14.915650902079108	5
M301626	11056296	10690424	48.5	15.848997152845572	0.32	45.46	3211719	55.571379827277624	44.428620172722376	2
M301627	50947416	49879050	50.5	26.212734084045145	0.02	3.05	39254162	81.21762036457942	18.782379635420583	4
M301628	5454332	5273916	49.5	17.188389933417266	0.07	59.54	118991	5.62114579898585	94.37885420101415	1
M301629	60794018	59308114	50.5	43.0024220419716	0.06	1.03	49833109	84.96751725501964	15.032482744980356	5
M301630	8707582	8416878	48.5	17.744103400259498	0.09	66.88	102931	3.74680125365376	96.25319874634624	1
M301631	45449930	44233172	50.5	52.47585858230557	0.02	0.9	37562155	85.72974076640274	14.270259233597258	5
M301632	46263462	45130154	50.5	56.32254678111585	0.04	0.97	38269432	85.67896200781273	14.321037992187271	5
M301633	8215752	7848260	49.5	14.631401175641042	0.05	24.76	3491807	59.29772465518981	40.70227534481019	1
M301634	61874372	60106724	50.5	43.73589378073052	0.01	1.16	50818634	85.57890939496106	14.421090605038941	5
M301635	6400440	6166956	49	17.60597866031417	0.08	56.95	223188	8.492719916955608	91.50728008304439	1
M301636	84510654	81954564	50	25.901011682221583	0.01	3.05	67351342	84.8157303838851	15.184269616114904	4
M301637	3477594	3348048	48.5	17.5484622401108	0.08	60.98	136348	10.539904579031504	89.4600954209685	1
M301638	52160790	50515242	50.5	43.15513129450337	0.02	1.53	41765283	83.9998563977228	16.000143602277205	5
M301639	52957928	51449660	50.5	48.47474058487222	0.01	1.8	41502368	82.18400380234779	17.81599619765221	5
M301640	46249392	44863702	50.5	33.53480831926833	0.01	1.91	37554826	85.3738998582589	14.626100141741105	4
M301641	59819632	58206626	50.5	41.89597733386543	0.01	1.3	49049470	85.40431308803812	14.595686911961877	5
M301642	52324380	51122472	50	31.847773599679986	0.84	1.92	42015617	84.53173626662634	15.46826373337366	4
M301643	53028608	51494486	48.5	36.32610878772049	0.02	3.23	42293939	84.9196522879167	15.080347712083295	5
M301644	2288510	2201396	48.5	25.400682633235043	0.09	62.71	51974	6.404461706804941	93.59553829319506	1
M301645	55452570	54092018	50.5	34.73181051698499	0.03	1.21	45791777	85.73423948854574	14.26576051145426	4
M301646	56994608	55353138	50.5	31.591067140562977	0.04	1.92	45641407	84.13010603679417	15.869893963205826	4
M301647	53891842	52613906	50	34.1546780455669	0.01	1.34	44127071	85.03713939585667	14.96286060414333	4
M301648	43454200	42527928	50.5	77.09655317734428	0.05	0.25	36419117	85.90482118886003	14.095178811139974	5
M301649	9652382	9366560	50.5	14.776369628309482	0.07	52.34	41137	0.92787616348232	99.07212383651768	1
M301650	918150	884746	48.5	28.0636219155025	0.1	59.82	67261	19.114646387141143	80.88535361285886	1
M301651	24384664	23574762	40.5	19.296438123033646	0.12	95.76	40975	4.414695900447127	95.58530409955287	2
M301652	1307472	1248760	48	23.362977244414807	0.07	64.84	6260	1.4425758043627548	98.55742419563724	1
M301653	1444684	1396550	47.5	20.5873091389216	0.06	67.06	6307	1.3878986330067689	98.61210136699323	1
M301654	1146734	1103096	47.5	23.806876981660327	0.08	66.23	4155	1.12916813870696	98.87083186129304	1
M301655	1159176	1103464	48	21.609147094545182	0.1	67.3	7977	2.241498491055924	97.75850150894408	1
M301656	1017534	971574	47.5	26.61935983742075	0.08	66.28	4878	1.506625073354542	98.49337492664546	1
M301657	2942742	2835418	48.5	16.479627476761706	0.07	62.26	11593	1.0942821327976924	98.90571786720231	1
M301658	691094	667946	50.5	47.63969691637348	0.08	55.34	8069	2.723510827887887	97.27648917211211	2
M301659	1241088	1164406	48	37.56038404753197	0.1	68.31	20696	5.704866336988461	94.29513366301154	2
M301660	896624	863112	50.5	30.450064807586628	0.07	55.89	8631	2.2858247613801286	97.71417523861987	1
M301661	1153060	1100854	48.5	26.20118383381657	0.08	62.57	11093	2.7216208524294143	97.27837914757059	1
M301663	722840	701082	48.5	19.760804604061754	0.06	64.56	6953	2.825457973700037	97.17454202629996	1
M301664	2985442	2915594	50	17.356921213994053	0.08	59.16	6688	0.5655421780476957	99.43445782195231	1
NA	165520858	104149332	56.5	76.42508796318612	20.71	2.22	64128626	80.18155754155902	19.818442458440984	5
